Facility,Unit,Room
Jester IV,A1 POD,J4-A1-01-S
Jester IV,A1 POD,J4-A1-02-S
Jester IV,A1 POD,J4-A1-03-S
Jester IV,A1 POD,J4-A1-04-S
Jester IV,A1 POD,J4-A1-05-S
Jester IV,A1 POD,J4-A1-06-S
Jester IV,A1 POD,J4-A1-07-S
Jester IV,A1 POD,J4-A1-08-S
Jester IV,A1 POD,J4-A1-09-S
Jester IV,A1 POD,J4-A1-10-S
Jester IV,A1 POD,J4-A1-11-S
Jester IV,A1 POD,J4-A1-12-S
Jester IV,A1 POD,J4-A1-13-S
Jester IV,A1 POD,J4-A1-14-S
Jester IV,A1 POD,J4-A1-15-S
Jester IV,A1 POD,J4-A1-16-S
Jester IV,A1 POD,J4-A1-17-S-H
Jester IV,A1 POD,J4-A1-18-S-H
Jester IV,A1 POD,J4-A1-19-S
Jester IV,A1 POD,J4-A1-20-S
Jester IV,A1 POD,J4-A1-21-S
Jester IV,A1 POD,J4-A1-22-S
Jester IV,A1 POD,J4-A1-23-S
Jester IV,A1 POD,J4-A1-24-S
Jester IV,A1 POD,J4-A1-25-S
Jester IV,A1 POD,J4-A1-26-S
Jester IV,A1 POD,J4-A1-27-S
Jester IV,A1 POD,J4-A1-28-S
Jester IV,A1 POD,J4-A1-29-S
Jester IV,A1 POD,J4-A1-30-S
Jester IV,A1 POD,J4-A1-31-S
Jester IV,A1 POD,J4-A1-32-S
Jester IV,A1 POD,J4-A1-33-S
Jester IV,A1 POD,J4-A1-34-S
Jester IV,A1 POD,J4-A1-35-S
Jester IV,A1 POD,J4-A1-36-S
Jester IV,A1 POD,J4-A1-37-S
Jester IV,A1 POD,J4-A1-38-S
Jester IV,A1 POD,J4-A1-39-S
Jester IV,A1 POD,J4-A1-40-S
Jester IV,A1 POD,J4-A1-41-S
Jester IV,A1 POD,J4-A1-42-S
Jester IV,A1 POD,J4-A1-43-S
Jester IV,A1 POD,J4-A1-44-S
Jester IV,A1 POD,J4-A1-45-S
Jester IV,A1 POD,J4-A1-46-S
Jester IV,A1 POD,J4-A1-47-S
Jester IV,A1 POD,J4-A1-48-S
Jester IV,A1 POD,J4-A1-49-S
Jester IV,A1 POD,J4-A1-50-S
Jester IV,A1 POD,J4-A1-51-SE
Jester IV,A1 POD,J4-A1-52-SE
Jester IV,A2 POD,J4-A2-01-Q-1
Jester IV,A2 POD,J4-A2-02-Q-2
Jester IV,A2 POD,J4-A2-03-Q-3
Jester IV,A2 POD,J4-A2-04-Q-4
Jester IV,A2 POD,J4-A2-05-Q-1
Jester IV,A2 POD,J4-A2-06-Q-2
Jester IV,A2 POD,J4-A2-07-Q-3
Jester IV,A2 POD,J4-A2-08-Q-4
Jester IV,A2 POD,J4-A2-09-Q-1
Jester IV,A2 POD,J4-A2-10-Q-2
Jester IV,A2 POD,J4-A2-11-Q-3
Jester IV,A2 POD,J4-A2-12-Q-4
Jester IV,A2 POD,J4-A2-13-Q-1
Jester IV,A2 POD,J4-A2-14-Q-2
Jester IV,A2 POD,J4-A2-15-Q-3
Jester IV,A2 POD,J4-A2-16-Q-4
Jester IV,A2 POD,J4-A2-17-S-H
Jester IV,A2 POD,J4-A2-18-S-H
Jester IV,A2 POD,J4-A2-19-Q-1
Jester IV,A2 POD,J4-A2-20-Q-2
Jester IV,A2 POD,J4-A2-21-Q-3
Jester IV,A2 POD,J4-A2-22-Q-4
Jester IV,A2 POD,J4-A2-23-S
Jester IV,A2 POD,J4-A2-24-S
Jester IV,A2 POD,J4-A2-25-S
Jester IV,A2 POD,J4-A2-26-S
Jester IV,A2 POD,J4-A2-27-Q-1
Jester IV,A2 POD,J4-A2-28-Q-2
Jester IV,A2 POD,J4-A2-29-Q-3
Jester IV,A2 POD,J4-A2-30-Q-4
Jester IV,A2 POD,J4-A2-31-Q-1
Jester IV,A2 POD,J4-A2-32-Q-2
Jester IV,A2 POD,J4-A2-33-Q-3
Jester IV,A2 POD,J4-A2-34-Q-4
Jester IV,A2 POD,J4-A2-35-Q-1
Jester IV,A2 POD,J4-A2-36-Q-2
Jester IV,A2 POD,J4-A2-37-Q-3
Jester IV,A2 POD,J4-A2-38-Q-4
Jester IV,A2 POD,J4-A2-39-Q-1
Jester IV,A2 POD,J4-A2-40-Q-2
Jester IV,A2 POD,J4-A2-41-Q-3
Jester IV,A2 POD,J4-A2-42-Q-4
Jester IV,A2 POD,J4-A2-43-Q-1
Jester IV,A2 POD,J4-A2-44-Q-2
Jester IV,A2 POD,J4-A2-45-Q-3
Jester IV,A2 POD,J4-A2-46-Q-4
Jester IV,A2 POD,J4-A2-47-Q-1
Jester IV,A2 POD,J4-A2-48-Q-2
Jester IV,A2 POD,J4-A2-49-Q-3
Jester IV,A2 POD,J4-A2-50-Q-4
Jester IV,A2 POD,J4-A2-51-SE
Jester IV,A2 POD,J4-A2-52-SE
Jester IV,A3 POD,J4-A3-01-Q-1
Jester IV,A3 POD,J4-A3-02-Q-2
Jester IV,A3 POD,J4-A3-03-Q-3
Jester IV,A3 POD,J4-A3-04-Q-4
Jester IV,A3 POD,J4-A3-05-Q-1
Jester IV,A3 POD,J4-A3-06-Q-2
Jester IV,A3 POD,J4-A3-07-Q-3
Jester IV,A3 POD,J4-A3-08-Q-4
Jester IV,A3 POD,J4-A3-09-Q-1
Jester IV,A3 POD,J4-A3-10-Q-2
Jester IV,A3 POD,J4-A3-11-Q-3
Jester IV,A3 POD,J4-A3-12-Q-4
Jester IV,A3 POD,J4-A3-13-Q-1
Jester IV,A3 POD,J4-A3-14-Q-2
Jester IV,A3 POD,J4-A3-15-Q-3
Jester IV,A3 POD,J4-A3-16-Q-4
Jester IV,A3 POD,J4-A3-17-S-H
Jester IV,A3 POD,J4-A3-18-S-H
Jester IV,A3 POD,J4-A3-19-Q-1
Jester IV,A3 POD,J4-A3-20-Q-2
Jester IV,A3 POD,J4-A3-21-Q-3
Jester IV,A3 POD,J4-A3-22-Q-4
Jester IV,A3 POD,J4-A3-23-S
Jester IV,A3 POD,J4-A3-24-S
Jester IV,A3 POD,J4-A3-25-S
Jester IV,A3 POD,J4-A3-26-S
Jester IV,A3 POD,J4-A3-27-Q-1
Jester IV,A3 POD,J4-A3-28-Q-2
Jester IV,A3 POD,J4-A3-29-Q-3
Jester IV,A3 POD,J4-A3-30-Q-4
Jester IV,A3 POD,J4-A3-31-Q-1
Jester IV,A3 POD,J4-A3-32-Q-2
Jester IV,A3 POD,J4-A3-33-Q-3
Jester IV,A3 POD,J4-A3-34-Q-4
Jester IV,A3 POD,J4-A3-35-Q-1
Jester IV,A3 POD,J4-A3-36-Q-2
Jester IV,A3 POD,J4-A3-37-Q-3
Jester IV,A3 POD,J4-A3-38-Q-4
Jester IV,A3 POD,J4-A3-39-Q-1
Jester IV,A3 POD,J4-A3-40-Q-2
Jester IV,A3 POD,J4-A3-41-Q-3
Jester IV,A3 POD,J4-A3-42-Q-4
Jester IV,A3 POD,J4-A3-43-Q-1
Jester IV,A3 POD,J4-A3-44-Q-2
Jester IV,A3 POD,J4-A3-45-Q-3
Jester IV,A3 POD,J4-A3-46-Q-4
Jester IV,A3 POD,J4-A3-47-Q-1
Jester IV,A3 POD,J4-A3-48-Q-2
Jester IV,A3 POD,J4-A3-49-Q-3
Jester IV,A3 POD,J4-A3-50-Q-4
Jester IV,A3 POD,J4-A3-51-SE
Jester IV,A3 POD,J4-A3-52-SE
Jester IV,B1 POD,J4-B1-01-S
Jester IV,B1 POD,J4-B1-02-S
Jester IV,B1 POD,J4-B1-03-S
Jester IV,B1 POD,J4-B1-04-S
Jester IV,B1 POD,J4-B1-05-S
Jester IV,B1 POD,J4-B1-06-S
Jester IV,B1 POD,J4-B1-07-S
Jester IV,B1 POD,J4-B1-08-S
Jester IV,B1 POD,J4-B1-09-S
Jester IV,B1 POD,J4-B1-10-S
Jester IV,B1 POD,J4-B1-11-S
Jester IV,B1 POD,J4-B1-12-S
Jester IV,B1 POD,J4-B1-13-S-H
Jester IV,B1 POD,J4-B1-14-S-H
Jester IV,B1 POD,J4-B1-15-S
Jester IV,B1 POD,J4-B1-16-S
Jester IV,B1 POD,J4-B1-17-S
Jester IV,B1 POD,J4-B1-18-S
Jester IV,B1 POD,J4-B1-19-S
Jester IV,B1 POD,J4-B1-20-S
Jester IV,B1 POD,J4-B1-21-S
Jester IV,B1 POD,J4-B1-22-S
Jester IV,B1 POD,J4-B1-23-S
Jester IV,B1 POD,J4-B1-24-S
Jester IV,B1 POD,J4-B1-25-S-H
Jester IV,B1 POD,J4-B1-26-S-H
Jester IV,B1 POD,J4-B1-27-S
Jester IV,B1 POD,J4-B1-28-S
Jester IV,B1 POD,J4-B1-29-S
Jester IV,B1 POD,J4-B1-30-S
Jester IV,B1 POD,J4-B1-31-S
Jester IV,B1 POD,J4-B1-32-S
Jester IV,B1 POD,J4-B1-33-S
Jester IV,B1 POD,J4-B1-34-S
Jester IV,B1 POD,J4-B1-35-S
Jester IV,B1 POD,J4-B1-36-S
Jester IV,B1 POD,J4-B1-37-S
Jester IV,B1 POD,J4-B1-38-S
Jester IV,B1 POD,J4-B1-39-S
Jester IV,B1 POD,J4-B1-40-S
Jester IV,B1 POD,J4-B1-41-S
Jester IV,B1 POD,J4-B1-42-S
Jester IV,B1 POD,J4-B1-43-S
Jester IV,B1 POD,J4-B1-44-S
Jester IV,B1 POD,J4-B1-45-S
Jester IV,B1 POD,J4-B1-46-S
Jester IV,B1 POD,J4-B1-47-S
Jester IV,B1 POD,J4-B1-48-S
Jester IV,B1 POD,J4-B1-49-S
Jester IV,B1 POD,J4-B1-50-S
Jester IV,B1 POD,J4-B1-51-SE
Jester IV,B1 POD,J4-B1-52-SE
Jester IV,B1 POD,J4-B1-53-SE
Jester IV,B1 POD,J4-B1-54-R
Jester IV,B1 POD,J4-B1-55-R
Jester IV,B2 POD,J4-B2-01-D-1
Jester IV,B2 POD,J4-B2-02-D-2
Jester IV,B2 POD,J4-B2-03-D-1
Jester IV,B2 POD,J4-B2-04-D-2
Jester IV,B2 POD,J4-B2-05-D-1
Jester IV,B2 POD,J4-B2-06-D-2
Jester IV,B2 POD,J4-B2-07-D-1
Jester IV,B2 POD,J4-B2-08-D-2
Jester IV,B2 POD,J4-B2-09-D-1
Jester IV,B2 POD,J4-B2-10-D-2
Jester IV,B2 POD,J4-B2-11-D-1
Jester IV,B2 POD,J4-B2-12-D-2
Jester IV,B2 POD,J4-B2-13-D-1
Jester IV,B2 POD,J4-B2-14-D-2
Jester IV,B2 POD,J4-B2-15-D-1
Jester IV,B2 POD,J4-B2-16-D-2
Jester IV,B2 POD,J4-B2-17-D-1
Jester IV,B2 POD,J4-B2-18-D-2
Jester IV,B2 POD,J4-B2-19-D-1
Jester IV,B2 POD,J4-B2-20-D-2
Jester IV,B2 POD,J4-B2-21-D-1
Jester IV,B2 POD,J4-B2-22-D-2
Jester IV,B2 POD,J4-B2-23-D-1
Jester IV,B2 POD,J4-B2-24-D-2
Jester IV,B2 POD,J4-B2-25-S-H
Jester IV,B2 POD,J4-B2-26-S-H
Jester IV,B2 POD,J4-B2-27-S
Jester IV,B2 POD,J4-B2-28-S
Jester IV,B2 POD,J4-B2-29-S
Jester IV,B2 POD,J4-B2-30-S
Jester IV,B2 POD,J4-B2-31-S
Jester IV,B2 POD,J4-B2-32-S
Jester IV,B2 POD,J4-B2-33-S
Jester IV,B2 POD,J4-B2-34-S
Jester IV,B2 POD,J4-B2-35-D-1
Jester IV,B2 POD,J4-B2-36-D-2
Jester IV,B2 POD,J4-B2-37-D-1
Jester IV,B2 POD,J4-B2-38-D-2
Jester IV,B2 POD,J4-B2-39-D-1
Jester IV,B2 POD,J4-B2-40-D-2
Jester IV,B2 POD,J4-B2-41-D-1
Jester IV,B2 POD,J4-B2-42-D-2
Jester IV,B2 POD,J4-B2-43-D-1
Jester IV,B2 POD,J4-B2-44-D-2
Jester IV,B2 POD,J4-B2-45-D-1
Jester IV,B2 POD,J4-B2-46-D-2
Jester IV,B2 POD,J4-B2-47-D-1
Jester IV,B2 POD,J4-B2-48-D-2
Jester IV,B2 POD,J4-B2-49-D-1
Jester IV,B2 POD,J4-B2-50-D-2
Jester IV,B2 POD,J4-B2-51-SE
Jester IV,B2 POD,J4-B2-52-SE
Jester IV,B2 POD,J4-B2-53-SE
Jester IV,B2 POD,J4-B2-54-SE
Jester IV,D1 POD,J4-D1-01-D-1
Jester IV,D1 POD,J4-D1-02-D-2
Jester IV,D1 POD,J4-D1-03-D-1
Jester IV,D1 POD,J4-D1-04-D-2
Jester IV,D1 POD,J4-D1-05-Q-1
Jester IV,D1 POD,J4-D1-06-Q-2
Jester IV,D1 POD,J4-D1-07-Q-3
Jester IV,D1 POD,J4-D1-08-Q-4
Jester IV,D1 POD,J4-D1-09-Q-1
Jester IV,D1 POD,J4-D1-10-Q-2
Jester IV,D1 POD,J4-D1-11-Q-3
Jester IV,D1 POD,J4-D1-12-Q-4
Jester IV,D1 POD,J4-D1-13-S-H
Jester IV,D1 POD,J4-D1-14-S-H
Jester IV,D1 POD,J4-D1-15-S
Jester IV,D1 POD,J4-D1-16-S
Jester IV,D1 POD,J4-D1-17-S
Jester IV,D1 POD,J4-D1-18-S
Jester IV,D1 POD,J4-D1-19-D-1
Jester IV,D1 POD,J4-D1-20-D-2
Jester IV,D1 POD,J4-D1-21-D-1
Jester IV,D1 POD,J4-D1-22-D-2
Jester IV,D1 POD,J4-D1-23-D-1
Jester IV,D1 POD,J4-D1-24-D-2
Jester IV,D1 POD,J4-D1-25-D-1
Jester IV,D1 POD,J4-D1-26-D-2
Jester IV,D1 POD,J4-D1-27-D-1
Jester IV,D1 POD,J4-D1-28-D-2
Jester IV,D1 POD,J4-D1-29-D-1
Jester IV,D1 POD,J4-D1-30-D-2
Jester IV,D1 POD,J4-D1-31-D-1
Jester IV,D1 POD,J4-D1-32-D-2
Jester IV,D1 POD,J4-D1-33-D-1
Jester IV,D1 POD,J4-D1-34-D-2
Jester IV,D1 POD,J4-D1-35-D-1
Jester IV,D1 POD,J4-D1-36-D-2
Jester IV,D1 POD,J4-D1-37-D-1
Jester IV,D1 POD,J4-D1-38-D-2
Jester IV,D1 POD,J4-D1-39-D-1
Jester IV,D1 POD,J4-D1-40-D-2
Jester IV,D1 POD,J4-D1-41-D-1
Jester IV,D1 POD,J4-D1-42-D-2
Jester IV,D1 POD,J4-D1-43-Q-1
Jester IV,D1 POD,J4-D1-44-Q-2
Jester IV,D1 POD,J4-D1-45-Q-3
Jester IV,D1 POD,J4-D1-46-Q-4
Jester IV,D1 POD,J4-D1-47-Q-1
Jester IV,D1 POD,J4-D1-48-Q-2
Jester IV,D1 POD,J4-D1-49-Q-3
Jester IV,D1 POD,J4-D1-50-Q-4
Jester IV,D1 POD,J4-D1-51-SE
Jester IV,D1 POD,J4-D1-52-SE
Jester IV,D2 POD,J4-D2-01-D-1
Jester IV,D2 POD,J4-D2-02-D-2
Jester IV,D2 POD,J4-D2-03-D-1
Jester IV,D2 POD,J4-D2-04-D-2
Jester IV,D2 POD,J4-D2-05-Q-1
Jester IV,D2 POD,J4-D2-06-Q-2
Jester IV,D2 POD,J4-D2-07-Q-3
Jester IV,D2 POD,J4-D2-08-Q-4
Jester IV,D2 POD,J4-D2-09-Q-1
Jester IV,D2 POD,J4-D2-10-Q-2
Jester IV,D2 POD,J4-D2-11-Q-3
Jester IV,D2 POD,J4-D2-12-Q-4
Jester IV,D2 POD,J4-D2-13-S-H
Jester IV,D2 POD,J4-D2-14-S-H
Jester IV,D2 POD,J4-D2-15-S
Jester IV,D2 POD,J4-D2-16-S
Jester IV,D2 POD,J4-D2-17-S
Jester IV,D2 POD,J4-D2-18-S
Jester IV,D2 POD,J4-D2-19-D-1
Jester IV,D2 POD,J4-D2-20-D-2
Jester IV,D2 POD,J4-D2-21-D-1
Jester IV,D2 POD,J4-D2-22-D-2
Jester IV,D2 POD,J4-D2-23-D-1
Jester IV,D2 POD,J4-D2-24-D-2
Jester IV,D2 POD,J4-D2-25-D-1
Jester IV,D2 POD,J4-D2-26-D-2
Jester IV,D2 POD,J4-D2-27-D-1
Jester IV,D2 POD,J4-D2-28-D-2
Jester IV,D2 POD,J4-D2-29-D-1
Jester IV,D2 POD,J4-D2-30-D-2
Jester IV,D2 POD,J4-D2-31-D-1
Jester IV,D2 POD,J4-D2-32-D-2
Jester IV,D2 POD,J4-D2-33-D-1
Jester IV,D2 POD,J4-D2-34-D-2
Jester IV,D2 POD,J4-D2-35-D-1
Jester IV,D2 POD,J4-D2-36-D-2
Jester IV,D2 POD,J4-D2-37-D-1
Jester IV,D2 POD,J4-D2-38-D-2
Jester IV,D2 POD,J4-D2-39-D-1
Jester IV,D2 POD,J4-D2-40-D-2
Jester IV,D2 POD,J4-D2-41-D-1
Jester IV,D2 POD,J4-D2-42-D-2
Jester IV,D2 POD,J4-D2-43-Q-1
Jester IV,D2 POD,J4-D2-44-Q-2
Jester IV,D2 POD,J4-D2-45-Q-3
Jester IV,D2 POD,J4-D2-46-Q-4
Jester IV,D2 POD,J4-D2-47-Q-1
Jester IV,D2 POD,J4-D2-48-Q-2
Jester IV,D2 POD,J4-D2-49-Q-3
Jester IV,D2 POD,J4-D2-50-Q-4
Jester IV,D2 POD,J4-D2-51-SE
Jester IV,D2 POD,J4-D2-52-SE
Jester IV,D3 POD,J4-D3-01-D-1
Jester IV,D3 POD,J4-D3-02-D-2
Jester IV,D3 POD,J4-D3-03-D-1
Jester IV,D3 POD,J4-D3-04-D-2
Jester IV,D3 POD,J4-D3-05-Q-1
Jester IV,D3 POD,J4-D3-06-Q-2
Jester IV,D3 POD,J4-D3-07-Q-3
Jester IV,D3 POD,J4-D3-08-Q-4
Jester IV,D3 POD,J4-D3-09-Q-1
Jester IV,D3 POD,J4-D3-10-Q-2
Jester IV,D3 POD,J4-D3-11-Q-3
Jester IV,D3 POD,J4-D3-12-Q-4
Jester IV,D3 POD,J4-D3-13-S-H
Jester IV,D3 POD,J4-D3-14-S-H
Jester IV,D3 POD,J4-D3-15-S
Jester IV,D3 POD,J4-D3-16-S
Jester IV,D3 POD,J4-D3-17-S
Jester IV,D3 POD,J4-D3-18-S
Jester IV,D3 POD,J4-D3-19-D-1
Jester IV,D3 POD,J4-D3-20-D-2
Jester IV,D3 POD,J4-D3-21-D-1
Jester IV,D3 POD,J4-D3-22-D-2
Jester IV,D3 POD,J4-D3-23-D-1
Jester IV,D3 POD,J4-D3-24-D-2
Jester IV,D3 POD,J4-D3-25-D-1
Jester IV,D3 POD,J4-D3-26-D-2
Jester IV,D3 POD,J4-D3-27-D-1
Jester IV,D3 POD,J4-D3-28-D-2
Jester IV,D3 POD,J4-D3-29-D-1
Jester IV,D3 POD,J4-D3-30-D-2
Jester IV,D3 POD,J4-D3-31-D-1
Jester IV,D3 POD,J4-D3-32-D-2
Jester IV,D3 POD,J4-D3-33-D-1
Jester IV,D3 POD,J4-D3-34-D-2
Jester IV,D3 POD,J4-D3-35-D-1
Jester IV,D3 POD,J4-D3-36-D-2
Jester IV,D3 POD,J4-D3-37-D-1
Jester IV,D3 POD,J4-D3-38-D-2
Jester IV,D3 POD,J4-D3-39-D-1
Jester IV,D3 POD,J4-D3-40-D-2
Jester IV,D3 POD,J4-D3-41-D-1
Jester IV,D3 POD,J4-D3-42-D-2
Jester IV,D3 POD,J4-D3-43-Q-1
Jester IV,D3 POD,J4-D3-44-Q-2
Jester IV,D3 POD,J4-D3-45-Q-3
Jester IV,D3 POD,J4-D3-46-Q-4
Jester IV,D3 POD,J4-D3-47-Q-1
Jester IV,D3 POD,J4-D3-48-Q-2
Jester IV,D3 POD,J4-D3-49-Q-3
Jester IV,D3 POD,J4-D3-50-Q-4
Jester IV,D3 POD,J4-D3-51-SE
Jester IV,D3 POD,J4-D3-52-SE
Jester IV,E1 POD,J4-E1-01-D-1
Jester IV,E1 POD,J4-E1-02-D-2
Jester IV,E1 POD,J4-E1-03-D-1
Jester IV,E1 POD,J4-E1-04-D-2
Jester IV,E1 POD,J4-E1-05-Q-1
Jester IV,E1 POD,J4-E1-06-Q-2
Jester IV,E1 POD,J4-E1-07-Q-3
Jester IV,E1 POD,J4-E1-08-Q-4
Jester IV,E1 POD,J4-E1-09-Q-1
Jester IV,E1 POD,J4-E1-10-Q-2
Jester IV,E1 POD,J4-E1-11-Q-3
Jester IV,E1 POD,J4-E1-12-Q-4
Jester IV,E1 POD,J4-E1-13-S-H
Jester IV,E1 POD,J4-E1-14-S-H
Jester IV,E1 POD,J4-E1-15-S
Jester IV,E1 POD,J4-E1-16-S
Jester IV,E1 POD,J4-E1-17-S
Jester IV,E1 POD,J4-E1-18-S
Jester IV,E1 POD,J4-E1-19-D-1
Jester IV,E1 POD,J4-E1-20-D-2
Jester IV,E1 POD,J4-E1-21-D-1
Jester IV,E1 POD,J4-E1-22-D-2
Jester IV,E1 POD,J4-E1-23-D-1
Jester IV,E1 POD,J4-E1-24-D-2
Jester IV,E1 POD,J4-E1-25-D-1
Jester IV,E1 POD,J4-E1-26-D-2
Jester IV,E1 POD,J4-E1-27-D-1
Jester IV,E1 POD,J4-E1-28-D-2
Jester IV,E1 POD,J4-E1-29-D-1
Jester IV,E1 POD,J4-E1-30-D-2
Jester IV,E1 POD,J4-E1-31-D-1
Jester IV,E1 POD,J4-E1-32-D-2
Jester IV,E1 POD,J4-E1-33-D-1
Jester IV,E1 POD,J4-E1-34-D-2
Jester IV,E1 POD,J4-E1-35-D-1
Jester IV,E1 POD,J4-E1-36-D-2
Jester IV,E1 POD,J4-E1-37-D-1
Jester IV,E1 POD,J4-E1-38-D-2
Jester IV,E1 POD,J4-E1-39-D-1
Jester IV,E1 POD,J4-E1-40-D-2
Jester IV,E1 POD,J4-E1-41-D-1
Jester IV,E1 POD,J4-E1-42-D-2
Jester IV,E1 POD,J4-E1-43-Q-1
Jester IV,E1 POD,J4-E1-44-Q-2
Jester IV,E1 POD,J4-E1-45-Q-3
Jester IV,E1 POD,J4-E1-46-Q-4
Jester IV,E1 POD,J4-E1-47-Q-1
Jester IV,E1 POD,J4-E1-48-Q-2
Jester IV,E1 POD,J4-E1-49-Q-3
Jester IV,E1 POD,J4-E1-50-Q-4
Jester IV,E1 POD,J4-E1-51-SE
Jester IV,E1 POD,J4-E1-52-SE
Jester IV,E2 POD,J4-E2-01-D-1
Jester IV,E2 POD,J4-E2-02-D-2
Jester IV,E2 POD,J4-E2-03-D-1
Jester IV,E2 POD,J4-E2-04-D-2
Jester IV,E2 POD,J4-E2-05-Q-1
Jester IV,E2 POD,J4-E2-06-Q-2
Jester IV,E2 POD,J4-E2-07-Q-3
Jester IV,E2 POD,J4-E2-08-Q-4
Jester IV,E2 POD,J4-E2-09-Q-1
Jester IV,E2 POD,J4-E2-10-Q-2
Jester IV,E2 POD,J4-E2-11-Q-3
Jester IV,E2 POD,J4-E2-12-Q-4
Jester IV,E2 POD,J4-E2-13-S-H
Jester IV,E2 POD,J4-E2-14-S-H
Jester IV,E2 POD,J4-E2-15-S
Jester IV,E2 POD,J4-E2-16-S
Jester IV,E2 POD,J4-E2-17-S
Jester IV,E2 POD,J4-E2-18-S
Jester IV,E2 POD,J4-E2-19-D-1
Jester IV,E2 POD,J4-E2-20-D-2
Jester IV,E2 POD,J4-E2-21-D-1
Jester IV,E2 POD,J4-E2-22-D-2
Jester IV,E2 POD,J4-E2-23-D-1
Jester IV,E2 POD,J4-E2-24-D-2
Jester IV,E2 POD,J4-E2-25-D-1
Jester IV,E2 POD,J4-E2-26-D-2
Jester IV,E2 POD,J4-E2-27-D-1
Jester IV,E2 POD,J4-E2-28-D-2
Jester IV,E2 POD,J4-E2-29-D-1
Jester IV,E2 POD,J4-E2-30-D-2
Jester IV,E2 POD,J4-E2-31-D-1
Jester IV,E2 POD,J4-E2-32-D-2
Jester IV,E2 POD,J4-E2-33-D-1
Jester IV,E2 POD,J4-E2-34-D-2
Jester IV,E2 POD,J4-E2-35-D-1
Jester IV,E2 POD,J4-E2-36-D-2
Jester IV,E2 POD,J4-E2-37-D-1
Jester IV,E2 POD,J4-E2-38-D-2
Jester IV,E2 POD,J4-E2-39-D-1
Jester IV,E2 POD,J4-E2-40-D-2
Jester IV,E2 POD,J4-E2-41-D-1
Jester IV,E2 POD,J4-E2-42-D-2
Jester IV,E2 POD,J4-E2-43-Q-1
Jester IV,E2 POD,J4-E2-44-Q-2
Jester IV,E2 POD,J4-E2-45-Q-3
Jester IV,E2 POD,J4-E2-46-Q-4
Jester IV,E2 POD,J4-E2-47-Q-1
Jester IV,E2 POD,J4-E2-48-Q-2
Jester IV,E2 POD,J4-E2-49-Q-3
Jester IV,E2 POD,J4-E2-50-Q-4
Jester IV,E2 POD,J4-E2-51-SE
Jester IV,E2 POD,J4-E2-52-SE
Jester IV,E3 POD,J4-E3-01-D-1
Jester IV,E3 POD,J4-E3-02-D-2
Jester IV,E3 POD,J4-E3-03-D-1
Jester IV,E3 POD,J4-E3-04-D-2
Jester IV,E3 POD,J4-E3-05-Q-1
Jester IV,E3 POD,J4-E3-06-Q-2
Jester IV,E3 POD,J4-E3-07-Q-3
Jester IV,E3 POD,J4-E3-08-Q-4
Jester IV,E3 POD,J4-E3-09-Q-1
Jester IV,E3 POD,J4-E3-10-Q-2
Jester IV,E3 POD,J4-E3-11-Q-3
Jester IV,E3 POD,J4-E3-12-Q-4
Jester IV,E3 POD,J4-E3-13-S-H
Jester IV,E3 POD,J4-E3-14-S-H
Jester IV,E3 POD,J4-E3-15-S
Jester IV,E3 POD,J4-E3-16-S
Jester IV,E3 POD,J4-E3-17-S
Jester IV,E3 POD,J4-E3-18-S
Jester IV,E3 POD,J4-E3-19-D-1
Jester IV,E3 POD,J4-E3-20-D-2
Jester IV,E3 POD,J4-E3-21-D-1
Jester IV,E3 POD,J4-E3-22-D-2
Jester IV,E3 POD,J4-E3-23-D-1
Jester IV,E3 POD,J4-E3-24-D-2
Jester IV,E3 POD,J4-E3-25-D-1
Jester IV,E3 POD,J4-E3-26-D-2
Jester IV,E3 POD,J4-E3-27-D-1
Jester IV,E3 POD,J4-E3-28-D-2
Jester IV,E3 POD,J4-E3-29-D-1
Jester IV,E3 POD,J4-E3-30-D-2
Jester IV,E3 POD,J4-E3-31-D-1
Jester IV,E3 POD,J4-E3-32-D-2
Jester IV,E3 POD,J4-E3-33-D-1
Jester IV,E3 POD,J4-E3-34-D-2
Jester IV,E3 POD,J4-E3-35-D-1
Jester IV,E3 POD,J4-E3-36-D-2
Jester IV,E3 POD,J4-E3-37-D-1
Jester IV,E3 POD,J4-E3-38-D-2
Jester IV,E3 POD,J4-E3-39-D-1
Jester IV,E3 POD,J4-E3-40-D-2
Jester IV,E3 POD,J4-E3-41-D-1
Jester IV,E3 POD,J4-E3-42-D-2
Jester IV,E3 POD,J4-E3-43-Q-1
Jester IV,E3 POD,J4-E3-44-Q-2
Jester IV,E3 POD,J4-E3-45-Q-3
Jester IV,E3 POD,J4-E3-46-Q-4
Jester IV,E3 POD,J4-E3-47-Q-1
Jester IV,E3 POD,J4-E3-48-Q-2
Jester IV,E3 POD,J4-E3-49-Q-3
Jester IV,E3 POD,J4-E3-50-Q-4
Jester IV,E3 POD,J4-E3-51-SE
Jester IV,E3 POD,J4-E3-52-SE
Montford Psychiatric,A1 POD,JMP-A1-0101
Montford Psychiatric,A1 POD,JMP-A1-0202
Montford Psychiatric,A1 POD,JMP-A1-0303
Montford Psychiatric,A1 POD,JMP-A1-0404
Montford Psychiatric,A1 POD,JMP-A1-0505
Montford Psychiatric,A1 POD,JMP-A1-0606
Montford Psychiatric,A1 POD,JMP-A1-0707
Montford Psychiatric,A1 POD,JMP-A1-0808
Montford Psychiatric,A1 POD,JMP-A1-0909
Montford Psychiatric,A1 POD,JMP-A1-1010
Montford Psychiatric,A1 POD,JMP-A1-1111
Montford Psychiatric,A1 POD,JMP-A1-1212
Montford Psychiatric,A1 POD,JMP-A1-1313
Montford Psychiatric,A1 POD,JMP-A1-1414
Montford Psychiatric,A1 POD,JMP-A1-1515
Montford Psychiatric,A1 POD,JMP-A1-1616
Montford Psychiatric,A1 POD,JMP-A1-1717
Montford Psychiatric,A1 POD,JMP-A1-1818
Montford Psychiatric,A1 POD,JMP-A1-1919
Montford Psychiatric,A1 POD,JMP-A1-2020
Montford Psychiatric,A1 POD,JMP-A1-2121
Montford Psychiatric,A1 POD,JMP-A1-2222
Montford Psychiatric,A1 POD,JMP-A1-2323
Montford Psychiatric,A1 POD,JMP-A1-2424
Montford Psychiatric,A1 POD,JMP-A1-2525
Montford Psychiatric,A1 POD,JMP-A1-2626
Montford Psychiatric,A1 POD,JMP-A1-2727
Montford Psychiatric,A1 POD,JMP-A1-2828
Montford Psychiatric,A1 POD,JMP-A1-2929
Montford Psychiatric,A1 POD,JMP-A1-3030
Montford Psychiatric,A1 POD,JMP-A1-3131
Montford Psychiatric,A1 POD,JMP-A1-3232
Montford Psychiatric,A1 POD,JMP-A1-3333
Montford Psychiatric,A1 POD,JMP-A1-3434
Montford Psychiatric,A1 POD,JMP-A1-3535
Montford Psychiatric,A1 POD,JMP-A1-3636
Montford Psychiatric,A1 POD,JMP-A1-3737
Montford Psychiatric,A1 POD,JMP-A1-3838
Montford Psychiatric,A1 POD,JMP-A1-3939
Montford Psychiatric,A1 POD,JMP-A1-4040
Montford Psychiatric,A1 POD,JMP-A1-4141
Montford Psychiatric,A1 POD,JMP-A1-4242
Montford Psychiatric,A1 POD,JMP-A1-4343
Montford Psychiatric,A1 POD,JMP-A1-4444
Montford Psychiatric,A1 POD,JMP-A1-4545
Montford Psychiatric,A1 POD,JMP-A1-4646
Montford Psychiatric,A1 POD,JMP-A1-4747
Montford Psychiatric,A1 POD,JMP-A1-4848
Montford Psychiatric,A1 POD,JMP-A1-4949
Montford Psychiatric,A1 POD,JMP-A1-5050
Montford Psychiatric,A1 POD,JMP-A1-S151
Montford Psychiatric,A1 POD,JMP-A1-S252
Montford Psychiatric,A2 POD,JMP-A2-0101
Montford Psychiatric,A2 POD,JMP-A2-0102
Montford Psychiatric,A2 POD,JMP-A2-0103
Montford Psychiatric,A2 POD,JMP-A2-0104
Montford Psychiatric,A2 POD,JMP-A2-0205
Montford Psychiatric,A2 POD,JMP-A2-0206
Montford Psychiatric,A2 POD,JMP-A2-0207
Montford Psychiatric,A2 POD,JMP-A2-0208
Montford Psychiatric,A2 POD,JMP-A2-0309
Montford Psychiatric,A2 POD,JMP-A2-0310
Montford Psychiatric,A2 POD,JMP-A2-0311
Montford Psychiatric,A2 POD,JMP-A2-0312
Montford Psychiatric,A2 POD,JMP-A2-0413
Montford Psychiatric,A2 POD,JMP-A2-0414
Montford Psychiatric,A2 POD,JMP-A2-0415
Montford Psychiatric,A2 POD,JMP-A2-0416
Montford Psychiatric,A2 POD,JMP-A2-0517
Montford Psychiatric,A2 POD,JMP-A2-0618
Montford Psychiatric,A2 POD,JMP-A2-0719
Montford Psychiatric,A2 POD,JMP-A2-0720
Montford Psychiatric,A2 POD,JMP-A2-0721
Montford Psychiatric,A2 POD,JMP-A2-0722
Montford Psychiatric,A2 POD,JMP-A2-0823
Montford Psychiatric,A2 POD,JMP-A2-0924
Montford Psychiatric,A2 POD,JMP-A2-1025
Montford Psychiatric,A2 POD,JMP-A2-1126
Montford Psychiatric,A2 POD,JMP-A2-1227
Montford Psychiatric,A2 POD,JMP-A2-1228
Montford Psychiatric,A2 POD,JMP-A2-1229
Montford Psychiatric,A2 POD,JMP-A2-1230
Montford Psychiatric,A2 POD,JMP-A2-1331
Montford Psychiatric,A2 POD,JMP-A2-1332
Montford Psychiatric,A2 POD,JMP-A2-1333
Montford Psychiatric,A2 POD,JMP-A2-1334
Montford Psychiatric,A2 POD,JMP-A2-1435
Montford Psychiatric,A2 POD,JMP-A2-1436
Montford Psychiatric,A2 POD,JMP-A2-1437
Montford Psychiatric,A2 POD,JMP-A2-1438
Montford Psychiatric,A2 POD,JMP-A2-1539
Montford Psychiatric,A2 POD,JMP-A2-1540
Montford Psychiatric,A2 POD,JMP-A2-1541
Montford Psychiatric,A2 POD,JMP-A2-1542
Montford Psychiatric,A2 POD,JMP-A2-1643
Montford Psychiatric,A2 POD,JMP-A2-1644
Montford Psychiatric,A2 POD,JMP-A2-1645
Montford Psychiatric,A2 POD,JMP-A2-1646
Montford Psychiatric,A2 POD,JMP-A2-1747
Montford Psychiatric,A2 POD,JMP-A2-1748
Montford Psychiatric,A2 POD,JMP-A2-1749
Montford Psychiatric,A2 POD,JMP-A2-1750
Montford Psychiatric,A2 POD,JMP-A2-S151
Montford Psychiatric,A2 POD,JMP-A2-S252
Montford Psychiatric,A3 POD,JMP-A3-0101
Montford Psychiatric,A3 POD,JMP-A3-0102
Montford Psychiatric,A3 POD,JMP-A3-0103
Montford Psychiatric,A3 POD,JMP-A3-0104
Montford Psychiatric,A3 POD,JMP-A3-0205
Montford Psychiatric,A3 POD,JMP-A3-0206
Montford Psychiatric,A3 POD,JMP-A3-0207
Montford Psychiatric,A3 POD,JMP-A3-0208
Montford Psychiatric,A3 POD,JMP-A3-0309
Montford Psychiatric,A3 POD,JMP-A3-0310
Montford Psychiatric,A3 POD,JMP-A3-0311
Montford Psychiatric,A3 POD,JMP-A3-0312
Montford Psychiatric,A3 POD,JMP-A3-0413
Montford Psychiatric,A3 POD,JMP-A3-0414
Montford Psychiatric,A3 POD,JMP-A3-0415
Montford Psychiatric,A3 POD,JMP-A3-0416
Montford Psychiatric,A3 POD,JMP-A3-0517
Montford Psychiatric,A3 POD,JMP-A3-0618
Montford Psychiatric,A3 POD,JMP-A3-0719
Montford Psychiatric,A3 POD,JMP-A3-0720
Montford Psychiatric,A3 POD,JMP-A3-0721
Montford Psychiatric,A3 POD,JMP-A3-0722
Montford Psychiatric,A3 POD,JMP-A3-0823
Montford Psychiatric,A3 POD,JMP-A3-0924
Montford Psychiatric,A3 POD,JMP-A3-1025
Montford Psychiatric,A3 POD,JMP-A3-1126
Montford Psychiatric,A3 POD,JMP-A3-1227
Montford Psychiatric,A3 POD,JMP-A3-1228
Montford Psychiatric,A3 POD,JMP-A3-1229
Montford Psychiatric,A3 POD,JMP-A3-1230
Montford Psychiatric,A3 POD,JMP-A3-1331
Montford Psychiatric,A3 POD,JMP-A3-1332
Montford Psychiatric,A3 POD,JMP-A3-1333
Montford Psychiatric,A3 POD,JMP-A3-1334
Montford Psychiatric,A3 POD,JMP-A3-1435
Montford Psychiatric,A3 POD,JMP-A3-1436
Montford Psychiatric,A3 POD,JMP-A3-1437
Montford Psychiatric,A3 POD,JMP-A3-1438
Montford Psychiatric,A3 POD,JMP-A3-1539
Montford Psychiatric,A3 POD,JMP-A3-1540
Montford Psychiatric,A3 POD,JMP-A3-1541
Montford Psychiatric,A3 POD,JMP-A3-1542
Montford Psychiatric,A3 POD,JMP-A3-1643
Montford Psychiatric,A3 POD,JMP-A3-1644
Montford Psychiatric,A3 POD,JMP-A3-1645
Montford Psychiatric,A3 POD,JMP-A3-1646
Montford Psychiatric,A3 POD,JMP-A3-1747
Montford Psychiatric,A3 POD,JMP-A3-1748
Montford Psychiatric,A3 POD,JMP-A3-1749
Montford Psychiatric,A3 POD,JMP-A3-1750
Montford Psychiatric,A3 POD,JMP-A3-S151
Montford Psychiatric,A3 POD,JMP-A3-S252
Montford Psychiatric,B1 POD,JMP-B1-0101
Montford Psychiatric,B1 POD,JMP-B1-0202
Montford Psychiatric,B1 POD,JMP-B1-0303
Montford Psychiatric,B1 POD,JMP-B1-0404
Montford Psychiatric,B1 POD,JMP-B1-0505
Montford Psychiatric,B1 POD,JMP-B1-0606
Montford Psychiatric,B1 POD,JMP-B1-0707
Montford Psychiatric,B1 POD,JMP-B1-0808
Montford Psychiatric,B1 POD,JMP-B1-0909
Montford Psychiatric,B1 POD,JMP-B1-1010
Montford Psychiatric,B1 POD,JMP-B1-1111
Montford Psychiatric,B1 POD,JMP-B1-1212
Montford Psychiatric,B1 POD,JMP-B1-1313
Montford Psychiatric,B1 POD,JMP-B1-1414
Montford Psychiatric,B1 POD,JMP-B1-1515
Montford Psychiatric,B1 POD,JMP-B1-1616
Montford Psychiatric,B1 POD,JMP-B1-1717
Montford Psychiatric,B1 POD,JMP-B1-1818
Montford Psychiatric,B1 POD,JMP-B1-1919
Montford Psychiatric,B1 POD,JMP-B1-2020
Montford Psychiatric,B1 POD,JMP-B1-2121
Montford Psychiatric,B1 POD,JMP-B1-2222
Montford Psychiatric,B1 POD,JMP-B1-2323
Montford Psychiatric,B1 POD,JMP-B1-2424
Montford Psychiatric,B1 POD,JMP-B1-2525
Montford Psychiatric,B1 POD,JMP-B1-2626
Montford Psychiatric,B1 POD,JMP-B1-2727
Montford Psychiatric,B1 POD,JMP-B1-2828
Montford Psychiatric,B1 POD,JMP-B1-2929
Montford Psychiatric,B1 POD,JMP-B1-3030
Montford Psychiatric,B1 POD,JMP-B1-3131
Montford Psychiatric,B1 POD,JMP-B1-3232
Montford Psychiatric,B1 POD,JMP-B1-3333
Montford Psychiatric,B1 POD,JMP-B1-3434
Montford Psychiatric,B1 POD,JMP-B1-3535
Montford Psychiatric,B1 POD,JMP-B1-3636
Montford Psychiatric,B1 POD,JMP-B1-3737
Montford Psychiatric,B1 POD,JMP-B1-3838
Montford Psychiatric,B1 POD,JMP-B1-3939
Montford Psychiatric,B1 POD,JMP-B1-4040
Montford Psychiatric,B1 POD,JMP-B1-4141
Montford Psychiatric,B1 POD,JMP-B1-4242
Montford Psychiatric,B1 POD,JMP-B1-4343
Montford Psychiatric,B1 POD,JMP-B1-4444
Montford Psychiatric,B1 POD,JMP-B1-4545
Montford Psychiatric,B1 POD,JMP-B1-4646
Montford Psychiatric,B1 POD,JMP-B1-4747
Montford Psychiatric,B1 POD,JMP-B1-4848
Montford Psychiatric,B1 POD,JMP-B1-4949
Montford Psychiatric,B1 POD,JMP-B1-5050
Montford Psychiatric,B1 POD,JMP-B1-I154
Montford Psychiatric,B1 POD,JMP-B1-I255
Montford Psychiatric,B1 POD,JMP-B1-S151
Montford Psychiatric,B1 POD,JMP-B1-S252
Montford Psychiatric,B1 POD,JMP-B1-S353
Montford Psychiatric,B2 POD,JMP-B2-0101
Montford Psychiatric,B2 POD,JMP-B2-0102
Montford Psychiatric,B2 POD,JMP-B2-0203
Montford Psychiatric,B2 POD,JMP-B2-0204
Montford Psychiatric,B2 POD,JMP-B2-0305
Montford Psychiatric,B2 POD,JMP-B2-0306
Montford Psychiatric,B2 POD,JMP-B2-0407
Montford Psychiatric,B2 POD,JMP-B2-0408
Montford Psychiatric,B2 POD,JMP-B2-0509
Montford Psychiatric,B2 POD,JMP-B2-0510
Montford Psychiatric,B2 POD,JMP-B2-0611
Montford Psychiatric,B2 POD,JMP-B2-0612
Montford Psychiatric,B2 POD,JMP-B2-0713
Montford Psychiatric,B2 POD,JMP-B2-0714
Montford Psychiatric,B2 POD,JMP-B2-0815
Montford Psychiatric,B2 POD,JMP-B2-0816
Montford Psychiatric,B2 POD,JMP-B2-0917
Montford Psychiatric,B2 POD,JMP-B2-0918
Montford Psychiatric,B2 POD,JMP-B2-1019
Montford Psychiatric,B2 POD,JMP-B2-1020
Montford Psychiatric,B2 POD,JMP-B2-1121
Montford Psychiatric,B2 POD,JMP-B2-1122
Montford Psychiatric,B2 POD,JMP-B2-1223
Montford Psychiatric,B2 POD,JMP-B2-1224
Montford Psychiatric,B2 POD,JMP-B2-1325
Montford Psychiatric,B2 POD,JMP-B2-1426
Montford Psychiatric,B2 POD,JMP-B2-1527
Montford Psychiatric,B2 POD,JMP-B2-1628
Montford Psychiatric,B2 POD,JMP-B2-1729
Montford Psychiatric,B2 POD,JMP-B2-1830
Montford Psychiatric,B2 POD,JMP-B2-1931
Montford Psychiatric,B2 POD,JMP-B2-2032
Montford Psychiatric,B2 POD,JMP-B2-2133
Montford Psychiatric,B2 POD,JMP-B2-2234
Montford Psychiatric,B2 POD,JMP-B2-2335
Montford Psychiatric,B2 POD,JMP-B2-2336
Montford Psychiatric,B2 POD,JMP-B2-2437
Montford Psychiatric,B2 POD,JMP-B2-2438
Montford Psychiatric,B2 POD,JMP-B2-2539
Montford Psychiatric,B2 POD,JMP-B2-2540
Montford Psychiatric,B2 POD,JMP-B2-2641
Montford Psychiatric,B2 POD,JMP-B2-2642
Montford Psychiatric,B2 POD,JMP-B2-2743
Montford Psychiatric,B2 POD,JMP-B2-2744
Montford Psychiatric,B2 POD,JMP-B2-2845
Montford Psychiatric,B2 POD,JMP-B2-2846
Montford Psychiatric,B2 POD,JMP-B2-2947
Montford Psychiatric,B2 POD,JMP-B2-2948
Montford Psychiatric,B2 POD,JMP-B2-3049
Montford Psychiatric,B2 POD,JMP-B2-3050
Montford Psychiatric,B2 POD,JMP-B2-S151
Montford Psychiatric,B2 POD,JMP-B2-S252
Montford Psychiatric,B2 POD,JMP-B2-S353
Montford Psychiatric,B2 POD,JMP-B2-S454
Montford Psychiatric,D1 POD,JMP-D1-0101
Montford Psychiatric,D1 POD,JMP-D1-0102
Montford Psychiatric,D1 POD,JMP-D1-0203
Montford Psychiatric,D1 POD,JMP-D1-0204
Montford Psychiatric,D1 POD,JMP-D1-0305
Montford Psychiatric,D1 POD,JMP-D1-0306
Montford Psychiatric,D1 POD,JMP-D1-0307
Montford Psychiatric,D1 POD,JMP-D1-0308
Montford Psychiatric,D1 POD,JMP-D1-0409
Montford Psychiatric,D1 POD,JMP-D1-0410
Montford Psychiatric,D1 POD,JMP-D1-0411
Montford Psychiatric,D1 POD,JMP-D1-0412
Montford Psychiatric,D1 POD,JMP-D1-0513
Montford Psychiatric,D1 POD,JMP-D1-0614
Montford Psychiatric,D1 POD,JMP-D1-0715
Montford Psychiatric,D1 POD,JMP-D1-0816
Montford Psychiatric,D1 POD,JMP-D1-0917
Montford Psychiatric,D1 POD,JMP-D1-1018
Montford Psychiatric,D1 POD,JMP-D1-1119
Montford Psychiatric,D1 POD,JMP-D1-1120
Montford Psychiatric,D1 POD,JMP-D1-1221
Montford Psychiatric,D1 POD,JMP-D1-1222
Montford Psychiatric,D1 POD,JMP-D1-1323
Montford Psychiatric,D1 POD,JMP-D1-1324
Montford Psychiatric,D1 POD,JMP-D1-1425
Montford Psychiatric,D1 POD,JMP-D1-1426
Montford Psychiatric,D1 POD,JMP-D1-1527
Montford Psychiatric,D1 POD,JMP-D1-1528
Montford Psychiatric,D1 POD,JMP-D1-1629
Montford Psychiatric,D1 POD,JMP-D1-1630
Montford Psychiatric,D1 POD,JMP-D1-1731
Montford Psychiatric,D1 POD,JMP-D1-1732
Montford Psychiatric,D1 POD,JMP-D1-1833
Montford Psychiatric,D1 POD,JMP-D1-1834
Montford Psychiatric,D1 POD,JMP-D1-1935
Montford Psychiatric,D1 POD,JMP-D1-1936
Montford Psychiatric,D1 POD,JMP-D1-2037
Montford Psychiatric,D1 POD,JMP-D1-2038
Montford Psychiatric,D1 POD,JMP-D1-2139
Montford Psychiatric,D1 POD,JMP-D1-2140
Montford Psychiatric,D1 POD,JMP-D1-2241
Montford Psychiatric,D1 POD,JMP-D1-2242
Montford Psychiatric,D1 POD,JMP-D1-2343
Montford Psychiatric,D1 POD,JMP-D1-2344
Montford Psychiatric,D1 POD,JMP-D1-2345
Montford Psychiatric,D1 POD,JMP-D1-2346
Montford Psychiatric,D1 POD,JMP-D1-2447
Montford Psychiatric,D1 POD,JMP-D1-2448
Montford Psychiatric,D1 POD,JMP-D1-2449
Montford Psychiatric,D1 POD,JMP-D1-2450
Montford Psychiatric,D1 POD,JMP-D1-S151
Montford Psychiatric,D1 POD,JMP-D1-S252
Montford Psychiatric,D2 POD,JMP-D2-0101
Montford Psychiatric,D2 POD,JMP-D2-0102
Montford Psychiatric,D2 POD,JMP-D2-0203
Montford Psychiatric,D2 POD,JMP-D2-0204
Montford Psychiatric,D2 POD,JMP-D2-0305
Montford Psychiatric,D2 POD,JMP-D2-0306
Montford Psychiatric,D2 POD,JMP-D2-0307
Montford Psychiatric,D2 POD,JMP-D2-0308
Montford Psychiatric,D2 POD,JMP-D2-0409
Montford Psychiatric,D2 POD,JMP-D2-0410
Montford Psychiatric,D2 POD,JMP-D2-0411
Montford Psychiatric,D2 POD,JMP-D2-0412
Montford Psychiatric,D2 POD,JMP-D2-0513
Montford Psychiatric,D2 POD,JMP-D2-0614
Montford Psychiatric,D2 POD,JMP-D2-0715
Montford Psychiatric,D2 POD,JMP-D2-0816
Montford Psychiatric,D2 POD,JMP-D2-0917
Montford Psychiatric,D2 POD,JMP-D2-1018
Montford Psychiatric,D2 POD,JMP-D2-1119
Montford Psychiatric,D2 POD,JMP-D2-1120
Montford Psychiatric,D2 POD,JMP-D2-1221
Montford Psychiatric,D2 POD,JMP-D2-1222
Montford Psychiatric,D2 POD,JMP-D2-1323
Montford Psychiatric,D2 POD,JMP-D2-1324
Montford Psychiatric,D2 POD,JMP-D2-1425
Montford Psychiatric,D2 POD,JMP-D2-1426
Montford Psychiatric,D2 POD,JMP-D2-1527
Montford Psychiatric,D2 POD,JMP-D2-1528
Montford Psychiatric,D2 POD,JMP-D2-1629
Montford Psychiatric,D2 POD,JMP-D2-1630
Montford Psychiatric,D2 POD,JMP-D2-1731
Montford Psychiatric,D2 POD,JMP-D2-1732
Montford Psychiatric,D2 POD,JMP-D2-1833
Montford Psychiatric,D2 POD,JMP-D2-1834
Montford Psychiatric,D2 POD,JMP-D2-1935
Montford Psychiatric,D2 POD,JMP-D2-1936
Montford Psychiatric,D2 POD,JMP-D2-2037
Montford Psychiatric,D2 POD,JMP-D2-2038
Montford Psychiatric,D2 POD,JMP-D2-2139
Montford Psychiatric,D2 POD,JMP-D2-2140
Montford Psychiatric,D2 POD,JMP-D2-2241
Montford Psychiatric,D2 POD,JMP-D2-2242
Montford Psychiatric,D2 POD,JMP-D2-2343
Montford Psychiatric,D2 POD,JMP-D2-2344
Montford Psychiatric,D2 POD,JMP-D2-2345
Montford Psychiatric,D2 POD,JMP-D2-2346
Montford Psychiatric,D2 POD,JMP-D2-2447
Montford Psychiatric,D2 POD,JMP-D2-2448
Montford Psychiatric,D2 POD,JMP-D2-2449
Montford Psychiatric,D2 POD,JMP-D2-2450
Montford Psychiatric,D2 POD,JMP-D2-S151
Montford Psychiatric,D2 POD,JMP-D2-S252
Montford Psychiatric,D3 POD,JMP-D3-0101
Montford Psychiatric,D3 POD,JMP-D3-0102
Montford Psychiatric,D3 POD,JMP-D3-0203
Montford Psychiatric,D3 POD,JMP-D3-0204
Montford Psychiatric,D3 POD,JMP-D3-0305
Montford Psychiatric,D3 POD,JMP-D3-0306
Montford Psychiatric,D3 POD,JMP-D3-0307
Montford Psychiatric,D3 POD,JMP-D3-0308
Montford Psychiatric,D3 POD,JMP-D3-0409
Montford Psychiatric,D3 POD,JMP-D3-0410
Montford Psychiatric,D3 POD,JMP-D3-0411
Montford Psychiatric,D3 POD,JMP-D3-0412
Montford Psychiatric,D3 POD,JMP-D3-0513
Montford Psychiatric,D3 POD,JMP-D3-0614
Montford Psychiatric,D3 POD,JMP-D3-0715
Montford Psychiatric,D3 POD,JMP-D3-0816
Montford Psychiatric,D3 POD,JMP-D3-0917
Montford Psychiatric,D3 POD,JMP-D3-1018
Montford Psychiatric,D3 POD,JMP-D3-1119
Montford Psychiatric,D3 POD,JMP-D3-1120
Montford Psychiatric,D3 POD,JMP-D3-1221
Montford Psychiatric,D3 POD,JMP-D3-1222
Montford Psychiatric,D3 POD,JMP-D3-1323
Montford Psychiatric,D3 POD,JMP-D3-1324
Montford Psychiatric,D3 POD,JMP-D3-1425
Montford Psychiatric,D3 POD,JMP-D3-1426
Montford Psychiatric,D3 POD,JMP-D3-1527
Montford Psychiatric,D3 POD,JMP-D3-1528
Montford Psychiatric,D3 POD,JMP-D3-1629
Montford Psychiatric,D3 POD,JMP-D3-1630
Montford Psychiatric,D3 POD,JMP-D3-1731
Montford Psychiatric,D3 POD,JMP-D3-1732
Montford Psychiatric,D3 POD,JMP-D3-1833
Montford Psychiatric,D3 POD,JMP-D3-1834
Montford Psychiatric,D3 POD,JMP-D3-1935
Montford Psychiatric,D3 POD,JMP-D3-1936
Montford Psychiatric,D3 POD,JMP-D3-2037
Montford Psychiatric,D3 POD,JMP-D3-2038
Montford Psychiatric,D3 POD,JMP-D3-2139
Montford Psychiatric,D3 POD,JMP-D3-2140
Montford Psychiatric,D3 POD,JMP-D3-2241
Montford Psychiatric,D3 POD,JMP-D3-2242
Montford Psychiatric,D3 POD,JMP-D3-2343
Montford Psychiatric,D3 POD,JMP-D3-2344
Montford Psychiatric,D3 POD,JMP-D3-2345
Montford Psychiatric,D3 POD,JMP-D3-2346
Montford Psychiatric,D3 POD,JMP-D3-2447
Montford Psychiatric,D3 POD,JMP-D3-2448
Montford Psychiatric,D3 POD,JMP-D3-2449
Montford Psychiatric,D3 POD,JMP-D3-2450
Montford Psychiatric,D3 POD,JMP-D3-S151
Montford Psychiatric,D3 POD,JMP-D3-S252
Montford Psychiatric,E1 POD,JMP-E1-0101
Montford Psychiatric,E1 POD,JMP-E1-0102
Montford Psychiatric,E1 POD,JMP-E1-0203
Montford Psychiatric,E1 POD,JMP-E1-0204
Montford Psychiatric,E1 POD,JMP-E1-0305
Montford Psychiatric,E1 POD,JMP-E1-0306
Montford Psychiatric,E1 POD,JMP-E1-0307
Montford Psychiatric,E1 POD,JMP-E1-0308
Montford Psychiatric,E1 POD,JMP-E1-0409
Montford Psychiatric,E1 POD,JMP-E1-0410
Montford Psychiatric,E1 POD,JMP-E1-0411
Montford Psychiatric,E1 POD,JMP-E1-0412
Montford Psychiatric,E1 POD,JMP-E1-0513
Montford Psychiatric,E1 POD,JMP-E1-0614
Montford Psychiatric,E1 POD,JMP-E1-0715
Montford Psychiatric,E1 POD,JMP-E1-0816
Montford Psychiatric,E1 POD,JMP-E1-0917
Montford Psychiatric,E1 POD,JMP-E1-1018
Montford Psychiatric,E1 POD,JMP-E1-1119
Montford Psychiatric,E1 POD,JMP-E1-1120
Montford Psychiatric,E1 POD,JMP-E1-1221
Montford Psychiatric,E1 POD,JMP-E1-1222
Montford Psychiatric,E1 POD,JMP-E1-1323
Montford Psychiatric,E1 POD,JMP-E1-1324
Montford Psychiatric,E1 POD,JMP-E1-1425
Montford Psychiatric,E1 POD,JMP-E1-1426
Montford Psychiatric,E1 POD,JMP-E1-1527
Montford Psychiatric,E1 POD,JMP-E1-1528
Montford Psychiatric,E1 POD,JMP-E1-1629
Montford Psychiatric,E1 POD,JMP-E1-1630
Montford Psychiatric,E1 POD,JMP-E1-1731
Montford Psychiatric,E1 POD,JMP-E1-1732
Montford Psychiatric,E1 POD,JMP-E1-1833
Montford Psychiatric,E1 POD,JMP-E1-1834
Montford Psychiatric,E1 POD,JMP-E1-1935
Montford Psychiatric,E1 POD,JMP-E1-1936
Montford Psychiatric,E1 POD,JMP-E1-2037
Montford Psychiatric,E1 POD,JMP-E1-2038
Montford Psychiatric,E1 POD,JMP-E1-2139
Montford Psychiatric,E1 POD,JMP-E1-2140
Montford Psychiatric,E1 POD,JMP-E1-2241
Montford Psychiatric,E1 POD,JMP-E1-2242
Montford Psychiatric,E1 POD,JMP-E1-2343
Montford Psychiatric,E1 POD,JMP-E1-2344
Montford Psychiatric,E1 POD,JMP-E1-2345
Montford Psychiatric,E1 POD,JMP-E1-2346
Montford Psychiatric,E1 POD,JMP-E1-2447
Montford Psychiatric,E1 POD,JMP-E1-2448
Montford Psychiatric,E1 POD,JMP-E1-2449
Montford Psychiatric,E1 POD,JMP-E1-2450
Montford Psychiatric,E1 POD,JMP-E1-S151
Montford Psychiatric,E1 POD,JMP-E1-S252
Montford Psychiatric,E2 POD,JMP-E2-0101
Montford Psychiatric,E2 POD,JMP-E2-0102
Montford Psychiatric,E2 POD,JMP-E2-0203
Montford Psychiatric,E2 POD,JMP-E2-0204
Montford Psychiatric,E2 POD,JMP-E2-0305
Montford Psychiatric,E2 POD,JMP-E2-0306
Montford Psychiatric,E2 POD,JMP-E2-0307
Montford Psychiatric,E2 POD,JMP-E2-0308
Montford Psychiatric,E2 POD,JMP-E2-0409
Montford Psychiatric,E2 POD,JMP-E2-0410
Montford Psychiatric,E2 POD,JMP-E2-0411
Montford Psychiatric,E2 POD,JMP-E2-0412
Montford Psychiatric,E2 POD,JMP-E2-0513
Montford Psychiatric,E2 POD,JMP-E2-0614
Montford Psychiatric,E2 POD,JMP-E2-0715
Montford Psychiatric,E2 POD,JMP-E2-0816
Montford Psychiatric,E2 POD,JMP-E2-0917
Montford Psychiatric,E2 POD,JMP-E2-1018
Montford Psychiatric,E2 POD,JMP-E2-1119
Montford Psychiatric,E2 POD,JMP-E2-1120
Montford Psychiatric,E2 POD,JMP-E2-1221
Montford Psychiatric,E2 POD,JMP-E2-1222
Montford Psychiatric,E2 POD,JMP-E2-1323
Montford Psychiatric,E2 POD,JMP-E2-1324
Montford Psychiatric,E2 POD,JMP-E2-1425
Montford Psychiatric,E2 POD,JMP-E2-1426
Montford Psychiatric,E2 POD,JMP-E2-1527
Montford Psychiatric,E2 POD,JMP-E2-1528
Montford Psychiatric,E2 POD,JMP-E2-1629
Montford Psychiatric,E2 POD,JMP-E2-1630
Montford Psychiatric,E2 POD,JMP-E2-1731
Montford Psychiatric,E2 POD,JMP-E2-1732
Montford Psychiatric,E2 POD,JMP-E2-1833
Montford Psychiatric,E2 POD,JMP-E2-1834
Montford Psychiatric,E2 POD,JMP-E2-1935
Montford Psychiatric,E2 POD,JMP-E2-1936
Montford Psychiatric,E2 POD,JMP-E2-2037
Montford Psychiatric,E2 POD,JMP-E2-2038
Montford Psychiatric,E2 POD,JMP-E2-2139
Montford Psychiatric,E2 POD,JMP-E2-2140
Montford Psychiatric,E2 POD,JMP-E2-2241
Montford Psychiatric,E2 POD,JMP-E2-2242
Montford Psychiatric,E2 POD,JMP-E2-2343
Montford Psychiatric,E2 POD,JMP-E2-2344
Montford Psychiatric,E2 POD,JMP-E2-2345
Montford Psychiatric,E2 POD,JMP-E2-2346
Montford Psychiatric,E2 POD,JMP-E2-2447
Montford Psychiatric,E2 POD,JMP-E2-2448
Montford Psychiatric,E2 POD,JMP-E2-2449
Montford Psychiatric,E2 POD,JMP-E2-2450
Montford Psychiatric,E2 POD,JMP-E2-S151
Montford Psychiatric,E2 POD,JMP-E2-S252
Montford Psychiatric,E3 POD,JMP-E3-0101
Montford Psychiatric,E3 POD,JMP-E3-0102
Montford Psychiatric,E3 POD,JMP-E3-0203
Montford Psychiatric,E3 POD,JMP-E3-0204
Montford Psychiatric,E3 POD,JMP-E3-0305
Montford Psychiatric,E3 POD,JMP-E3-0306
Montford Psychiatric,E3 POD,JMP-E3-0307
Montford Psychiatric,E3 POD,JMP-E3-0308
Montford Psychiatric,E3 POD,JMP-E3-0409
Montford Psychiatric,E3 POD,JMP-E3-0410
Montford Psychiatric,E3 POD,JMP-E3-0411
Montford Psychiatric,E3 POD,JMP-E3-0412
Montford Psychiatric,E3 POD,JMP-E3-0513
Montford Psychiatric,E3 POD,JMP-E3-0614
Montford Psychiatric,E3 POD,JMP-E3-0715
Montford Psychiatric,E3 POD,JMP-E3-0816
Montford Psychiatric,E3 POD,JMP-E3-0917
Montford Psychiatric,E3 POD,JMP-E3-1018
Montford Psychiatric,E3 POD,JMP-E3-1119
Montford Psychiatric,E3 POD,JMP-E3-1120
Montford Psychiatric,E3 POD,JMP-E3-1221
Montford Psychiatric,E3 POD,JMP-E3-1222
Montford Psychiatric,E3 POD,JMP-E3-1323
Montford Psychiatric,E3 POD,JMP-E3-1324
Montford Psychiatric,E3 POD,JMP-E3-1425
Montford Psychiatric,E3 POD,JMP-E3-1426
Montford Psychiatric,E3 POD,JMP-E3-1527
Montford Psychiatric,E3 POD,JMP-E3-1528
Montford Psychiatric,E3 POD,JMP-E3-1629
Montford Psychiatric,E3 POD,JMP-E3-1630
Montford Psychiatric,E3 POD,JMP-E3-1731
Montford Psychiatric,E3 POD,JMP-E3-1732
Montford Psychiatric,E3 POD,JMP-E3-1833
Montford Psychiatric,E3 POD,JMP-E3-1834
Montford Psychiatric,E3 POD,JMP-E3-1935
Montford Psychiatric,E3 POD,JMP-E3-1936
Montford Psychiatric,E3 POD,JMP-E3-2037
Montford Psychiatric,E3 POD,JMP-E3-2038
Montford Psychiatric,E3 POD,JMP-E3-2139
Montford Psychiatric,E3 POD,JMP-E3-2140
Montford Psychiatric,E3 POD,JMP-E3-2241
Montford Psychiatric,E3 POD,JMP-E3-2242
Montford Psychiatric,E3 POD,JMP-E3-2343
Montford Psychiatric,E3 POD,JMP-E3-2344
Montford Psychiatric,E3 POD,JMP-E3-2345
Montford Psychiatric,E3 POD,JMP-E3-2346
Montford Psychiatric,E3 POD,JMP-E3-2447
Montford Psychiatric,E3 POD,JMP-E3-2448
Montford Psychiatric,E3 POD,JMP-E3-2449
Montford Psychiatric,E3 POD,JMP-E3-2450
Montford Psychiatric,E3 POD,JMP-E3-S151
Montford Psychiatric,E3 POD,JMP-E3-S252
Mountain View,Mental Health,MV-MPF-07
Mountain View,Mental Health,MV-MPF-08
Mountain View,Mental Health,MV-MPF-09
Mountain View,Mental Health,MV-MPF-10
Mountain View,Mental Health,MV-MPF-11
Mountain View,Mental Health,MV-MPF-12
Mountain View,Mental Health,MV-MPF-13
Mountain View,Mental Health,MV-MPF-14
Mountain View,Mental Health,MV-MPF-15
Mountain View,Mental Health,MV-MPF-16
Mountain View,Mental Health,MV-MPF-17
Mountain View,Mental Health,MV-MPF-18
Mountain View,Mental Health,MV-MPF-19
Mountain View,Mental Health,MV-MPF-20
Mountain View,Mental Health,MV-MPF-21
Mountain View,Mental Health,MV-MPF-22
Mountain View,Mental Health,MV-MPF-23
Mountain View,Mental Health,MV-MPF-24
Mountain View,Mental Health,MV-MPF-25
Mountain View,Mental Health,MV-MPF-26
Skyview,Bldg 1,SV-B1DA-01
Skyview,Bldg 1,SV-B1DA-02
Skyview,Bldg 1,SV-B1DA-03
Skyview,Bldg 1,SV-B1DA-04
Skyview,Bldg 1,SV-B1DA-05
Skyview,Bldg 1,SV-B1DA-06
Skyview,Bldg 1,SV-B1DA-07
Skyview,Bldg 1,SV-B1DA-08
Skyview,Bldg 1,SV-B1DA-09
Skyview,Bldg 1,SV-B1DA-10
Skyview,Bldg 1,SV-B1DA-11
Skyview,Bldg 1,SV-B1DA-12
Skyview,Bldg 1,SV-B1DA-13
Skyview,Bldg 1,SV-B1DA-14
Skyview,Bldg 1,SV-B1DA-15
Skyview,Bldg 1,SV-B1DA-16
Skyview,Bldg 1,SV-B1DA-17
Skyview,Bldg 1,SV-B1DA-18
Skyview,Bldg 1,SV-B1DA-19
Skyview,Bldg 1,SV-B1DA-20
Skyview,Bldg 1,SV-B1DA-21
Skyview,Bldg 1,SV-B1DA-22
Skyview,Bldg 1,SV-B1DA-23
Skyview,Bldg 1,SV-B1DA-24
Skyview,Bldg 1,SV-B1DB-01-SD
Skyview,Bldg 1,SV-B1DB-02-SD
Skyview,Bldg 1,SV-B1DB-03-SD
Skyview,Bldg 1,SV-B1DB-04-SD
Skyview,Bldg 1,SV-B1DB-05-SD
Skyview,Bldg 1,SV-B1DB-06-SD
Skyview,Bldg 1,SV-B1DB-07-SD
Skyview,Bldg 1,SV-B1DB-08-SD
Skyview,Bldg 1,SV-B1DB-09-SD
Skyview,Bldg 1,SV-B1DB-10-SD
Skyview,Bldg 1,SV-B1DC-01
Skyview,Bldg 1,SV-B1DC-02
Skyview,Bldg 1,SV-B1DC-03
Skyview,Bldg 1,SV-B1DC-04
Skyview,Bldg 1,SV-B1DC-05
Skyview,Bldg 1,SV-B1DC-06
Skyview,Bldg 1,SV-B1DC-07
Skyview,Bldg 1,SV-B1DC-08
Skyview,Bldg 1,SV-B1DC-09
Skyview,Bldg 1,SV-B1DC-10
Skyview,Bldg 1,SV-B1DC-11
Skyview,Bldg 1,SV-B1DC-12
Skyview,Bldg 1,SV-B1DC-13
Skyview,Bldg 1,SV-B1DC-14
Skyview,Bldg 1,SV-B1DC-15
Skyview,Bldg 1,SV-B1DC-16
Skyview,Bldg 1,SV-B1DC-17
Skyview,Bldg 1,SV-B1DC-18
Skyview,Bldg 1,SV-B1DC-19
Skyview,Bldg 1,SV-B1DC-20
Skyview,Bldg 1,SV-B1DC-21
Skyview,Bldg 1,SV-B1DC-22
Skyview,Bldg 1,SV-B1DC-23
Skyview,Bldg 1,SV-B1DC-24
Skyview,Bldg 1,SV-B1DD-01
Skyview,Bldg 1,SV-B1DD-02
Skyview,Bldg 1,SV-B1DD-03
Skyview,Bldg 1,SV-B1DD-04
Skyview,Bldg 1,SV-B1DD-05
Skyview,Bldg 1,SV-B1DD-06
Skyview,Bldg 1,SV-B1DD-07
Skyview,Bldg 1,SV-B1DD-08
Skyview,Bldg 1,SV-B1DD-09
Skyview,Bldg 1,SV-B1DD-10
Skyview,Bldg 1,SV-B1DD-11
Skyview,Bldg 1,SV-B1DD-12
Skyview,Bldg 1,SV-B1DD-13
Skyview,Bldg 1,SV-B1DD-14
Skyview,Bldg 1,SV-B1DD-15
Skyview,Bldg 1,SV-B1DD-16
Skyview,Bldg 1,SV-B1DD-17
Skyview,Bldg 1,SV-B1DD-18
Skyview,Bldg 1,SV-B1DD-19
Skyview,Bldg 1,SV-B1DD-20
Skyview,Bldg 1,SV-B1DD-21
Skyview,Bldg 1,SV-B1DD-22
Skyview,Bldg 1,SV-B1DD-23
Skyview,Bldg 1,SV-B1DD-24
Skyview,Bldg 1,SV-B1-SEC01
Skyview,Bldg 1,SV-B1-SEC02
Skyview,Bldg 2 ,SV-B2DA-01
Skyview,Bldg 2 ,SV-B2DA-02
Skyview,Bldg 2 ,SV-B2DA-03
Skyview,Bldg 2 ,SV-B2DA-04
Skyview,Bldg 2 ,SV-B2DA-05
Skyview,Bldg 2 ,SV-B2DA-06
Skyview,Bldg 2 ,SV-B2DA-07
Skyview,Bldg 2 ,SV-B2DA-08
Skyview,Bldg 2 ,SV-B2DA-09
Skyview,Bldg 2 ,SV-B2DA-10
Skyview,Bldg 2 ,SV-B2DA-11
Skyview,Bldg 2 ,SV-B2DA-12
Skyview,Bldg 2 ,SV-B2DA-13
Skyview,Bldg 2 ,SV-B2DA-14
Skyview,Bldg 2 ,SV-B2DA-15
Skyview,Bldg 2 ,SV-B2DA-16
Skyview,Bldg 2 ,SV-B2DA-17
Skyview,Bldg 2 ,SV-B2DA-18
Skyview,Bldg 2 ,SV-B2DA-19
Skyview,Bldg 2 ,SV-B2DA-20
Skyview,Bldg 2 ,SV-B2DA-21
Skyview,Bldg 2 ,SV-B2DA-22
Skyview,Bldg 2 ,SV-B2DA-23
Skyview,Bldg 2 ,SV-B2DA-24
Skyview,Bldg 2 ,SV-B2DB-01
Skyview,Bldg 2 ,SV-B2DB-02
Skyview,Bldg 2 ,SV-B2DB-03
Skyview,Bldg 2 ,SV-B2DB-04
Skyview,Bldg 2 ,SV-B2DB-05
Skyview,Bldg 2 ,SV-B2DB-06
Skyview,Bldg 2 ,SV-B2DB-07
Skyview,Bldg 2 ,SV-B2DB-08
Skyview,Bldg 2 ,SV-B2DB-09
Skyview,Bldg 2 ,SV-B2DB-10
Skyview,Bldg 2 ,SV-B2DB-11
Skyview,Bldg 2 ,SV-B2DB-12
Skyview,Bldg 2 ,SV-B2DB-13
Skyview,Bldg 2 ,SV-B2DB-14
Skyview,Bldg 2 ,SV-B2DB-15
Skyview,Bldg 2 ,SV-B2DB-16
Skyview,Bldg 2 ,SV-B2DB-17
Skyview,Bldg 2 ,SV-B2DB-18
Skyview,Bldg 2 ,SV-B2DB-19
Skyview,Bldg 2 ,SV-B2DB-20
Skyview,Bldg 2 ,SV-B2DB-21
Skyview,Bldg 2 ,SV-B2DB-22
Skyview,Bldg 2 ,SV-B2DB-23
Skyview,Bldg 2 ,SV-B2DB-24
Skyview,Bldg 2 ,SV-B2DC-01-SD
Skyview,Bldg 2 ,SV-B2DC-02-SD
Skyview,Bldg 2 ,SV-B2DC-03-SD
Skyview,Bldg 2 ,SV-B2DC-04-SD
Skyview,Bldg 2 ,SV-B2DC-05-SD
Skyview,Bldg 2 ,SV-B2DC-06-SD
Skyview,Bldg 2 ,SV-B2DC-07-SD
Skyview,Bldg 2 ,SV-B2DC-08-SD
Skyview,Bldg 2 ,SV-B2DC-09-SD
Skyview,Bldg 2 ,SV-B2DC-10-SD
Skyview,Bldg 2 ,SV-B2DD-01
Skyview,Bldg 2 ,SV-B2DD-02
Skyview,Bldg 2 ,SV-B2DD-03
Skyview,Bldg 2 ,SV-B2DD-04
Skyview,Bldg 2 ,SV-B2DD-05
Skyview,Bldg 2 ,SV-B2DD-06
Skyview,Bldg 2 ,SV-B2DD-07
Skyview,Bldg 2 ,SV-B2DD-08
Skyview,Bldg 2 ,SV-B2DD-09
Skyview,Bldg 2 ,SV-B2DD-10
Skyview,Bldg 2 ,SV-B2DD-11
Skyview,Bldg 2 ,SV-B2DD-12
Skyview,Bldg 2 ,SV-B2DD-13
Skyview,Bldg 2 ,SV-B2DD-14
Skyview,Bldg 2 ,SV-B2DD-15
Skyview,Bldg 2 ,SV-B2DD-16
Skyview,Bldg 2 ,SV-B2DD-17
Skyview,Bldg 2 ,SV-B2DD-18
Skyview,Bldg 2 ,SV-B2DD-19
Skyview,Bldg 2 ,SV-B2DD-20
Skyview,Bldg 2 ,SV-B2DD-21
Skyview,Bldg 2 ,SV-B2DD-22
Skyview,Bldg 2 ,SV-B2DD-23
Skyview,Bldg 2 ,SV-B2DD-24
Skyview,Bldg 2 ,SV-B2-SEC01
Skyview,Bldg 2 ,SV-B2-SEC02
Skyview,Bldg 3 ,SV-B3DA-01
Skyview,Bldg 3 ,SV-B3DA-02
Skyview,Bldg 3 ,SV-B3DA-03
Skyview,Bldg 3 ,SV-B3DA-04
Skyview,Bldg 3 ,SV-B3DA-05
Skyview,Bldg 3 ,SV-B3DA-06
Skyview,Bldg 3 ,SV-B3DA-07
Skyview,Bldg 3 ,SV-B3DA-08
Skyview,Bldg 3 ,SV-B3DA-09
Skyview,Bldg 3 ,SV-B3DA-10
Skyview,Bldg 3 ,SV-B3DA-11
Skyview,Bldg 3 ,SV-B3DA-12
Skyview,Bldg 3 ,SV-B3DA-13
Skyview,Bldg 3 ,SV-B3DA-14
Skyview,Bldg 3 ,SV-B3DA-15
Skyview,Bldg 3 ,SV-B3DA-16
Skyview,Bldg 3 ,SV-B3DA-17
Skyview,Bldg 3 ,SV-B3DA-18
Skyview,Bldg 3 ,SV-B3DA-19
Skyview,Bldg 3 ,SV-B3DA-20
Skyview,Bldg 3 ,SV-B3DA-21
Skyview,Bldg 3 ,SV-B3DA-22
Skyview,Bldg 3 ,SV-B3DA-23
Skyview,Bldg 3 ,SV-B3DA-24
Skyview,Bldg 3 ,SV-B3DB-01-SD
Skyview,Bldg 3 ,SV-B3DB-02-SD
Skyview,Bldg 3 ,SV-B3DB-03-SD
Skyview,Bldg 3 ,SV-B3DB-04-SD
Skyview,Bldg 3 ,SV-B3DB-05-SD
Skyview,Bldg 3 ,SV-B3DB-06-SD
Skyview,Bldg 3 ,SV-B3DB-07-SD
Skyview,Bldg 3 ,SV-B3DB-08-SD
Skyview,Bldg 3 ,SV-B3DB-09-SD
Skyview,Bldg 3 ,SV-B3DB-10-SD
Skyview,Bldg 3 ,SV-B3DC-01
Skyview,Bldg 3 ,SV-B3DC-02
Skyview,Bldg 3 ,SV-B3DC-03
Skyview,Bldg 3 ,SV-B3DC-04
Skyview,Bldg 3 ,SV-B3DC-05
Skyview,Bldg 3 ,SV-B3DC-06
Skyview,Bldg 3 ,SV-B3DC-07
Skyview,Bldg 3 ,SV-B3DC-08
Skyview,Bldg 3 ,SV-B3DC-09
Skyview,Bldg 3 ,SV-B3DC-10
Skyview,Bldg 3 ,SV-B3DC-11
Skyview,Bldg 3 ,SV-B3DC-12
Skyview,Bldg 3 ,SV-B3DC-13
Skyview,Bldg 3 ,SV-B3DC-14
Skyview,Bldg 3 ,SV-B3DC-15
Skyview,Bldg 3 ,SV-B3DC-16
Skyview,Bldg 3 ,SV-B3DC-17
Skyview,Bldg 3 ,SV-B3DC-18
Skyview,Bldg 3 ,SV-B3DC-19
Skyview,Bldg 3 ,SV-B3DC-20
Skyview,Bldg 3 ,SV-B3DC-21
Skyview,Bldg 3 ,SV-B3DC-22
Skyview,Bldg 3 ,SV-B3DC-23
Skyview,Bldg 3 ,SV-B3DC-24
Skyview,Bldg 3 ,SV-B3DD-01
Skyview,Bldg 3 ,SV-B3DD-02
Skyview,Bldg 3 ,SV-B3DD-03
Skyview,Bldg 3 ,SV-B3DD-04
Skyview,Bldg 3 ,SV-B3DD-05
Skyview,Bldg 3 ,SV-B3DD-06
Skyview,Bldg 3 ,SV-B3DD-07
Skyview,Bldg 3 ,SV-B3DD-08
Skyview,Bldg 3 ,SV-B3DD-09
Skyview,Bldg 3 ,SV-B3DD-10
Skyview,Bldg 3 ,SV-B3DD-11
Skyview,Bldg 3 ,SV-B3DD-12
Skyview,Bldg 3 ,SV-B3DD-13
Skyview,Bldg 3 ,SV-B3DD-14
Skyview,Bldg 3 ,SV-B3DD-15
Skyview,Bldg 3 ,SV-B3DD-16
Skyview,Bldg 3 ,SV-B3DD-17
Skyview,Bldg 3 ,SV-B3DD-18
Skyview,Bldg 3 ,SV-B3DD-19
Skyview,Bldg 3 ,SV-B3DD-20
Skyview,Bldg 3 ,SV-B3DD-21
Skyview,Bldg 3 ,SV-B3DD-22
Skyview,Bldg 3 ,SV-B3DD-23
Skyview,Bldg 3 ,SV-B3DD-24
Skyview,Bldg 3 ,SV-B3-SEC01
Skyview,Bldg 3 ,SV-B3-SEC02
Skyview,Bldg 4 ,SV-B4DA-01
Skyview,Bldg 4 ,SV-B4DA-02
Skyview,Bldg 4 ,SV-B4DA-03
Skyview,Bldg 4 ,SV-B4DA-04
Skyview,Bldg 4 ,SV-B4DA-05
Skyview,Bldg 4 ,SV-B4DA-06
Skyview,Bldg 4 ,SV-B4DA-07
Skyview,Bldg 4 ,SV-B4DA-08
Skyview,Bldg 4 ,SV-B4DA-09
Skyview,Bldg 4 ,SV-B4DA-10
Skyview,Bldg 4 ,SV-B4DA-11
Skyview,Bldg 4 ,SV-B4DA-12
Skyview,Bldg 4 ,SV-B4DA-13
Skyview,Bldg 4 ,SV-B4DA-14
Skyview,Bldg 4 ,SV-B4DA-15
Skyview,Bldg 4 ,SV-B4DA-16
Skyview,Bldg 4 ,SV-B4DA-17
Skyview,Bldg 4 ,SV-B4DA-18
Skyview,Bldg 4 ,SV-B4DA-19
Skyview,Bldg 4 ,SV-B4DA-20
Skyview,Bldg 4 ,SV-B4DA-21
Skyview,Bldg 4 ,SV-B4DA-22
Skyview,Bldg 4 ,SV-B4DA-23
Skyview,Bldg 4 ,SV-B4DA-24
Skyview,Bldg 4 ,SV-B4DB-01-SD
Skyview,Bldg 4 ,SV-B4DB-02-SD
Skyview,Bldg 4 ,SV-B4DB-03-SD
Skyview,Bldg 4 ,SV-B4DB-04-SD
Skyview,Bldg 4 ,SV-B4DB-05-SD
Skyview,Bldg 4 ,SV-B4DB-06-SD
Skyview,Bldg 4 ,SV-B4DB-07-SD
Skyview,Bldg 4 ,SV-B4DB-08-SD
Skyview,Bldg 4 ,SV-B4DB-09-SD
Skyview,Bldg 4 ,SV-B4DB-10-SD
Skyview,Bldg 4 ,SV-B4DC-01
Skyview,Bldg 4 ,SV-B4DC-02
Skyview,Bldg 4 ,SV-B4DC-03
Skyview,Bldg 4 ,SV-B4DC-04
Skyview,Bldg 4 ,SV-B4DC-05
Skyview,Bldg 4 ,SV-B4DC-06
Skyview,Bldg 4 ,SV-B4DC-07
Skyview,Bldg 4 ,SV-B4DC-08
Skyview,Bldg 4 ,SV-B4DC-09
Skyview,Bldg 4 ,SV-B4DC-10
Skyview,Bldg 4 ,SV-B4DC-11
Skyview,Bldg 4 ,SV-B4DC-12
Skyview,Bldg 4 ,SV-B4DC-13
Skyview,Bldg 4 ,SV-B4DC-14
Skyview,Bldg 4 ,SV-B4DC-15
Skyview,Bldg 4 ,SV-B4DC-16
Skyview,Bldg 4 ,SV-B4DC-17
Skyview,Bldg 4 ,SV-B4DC-18
Skyview,Bldg 4 ,SV-B4DC-19
Skyview,Bldg 4 ,SV-B4DC-20
Skyview,Bldg 4 ,SV-B4DC-21
Skyview,Bldg 4 ,SV-B4DC-22
Skyview,Bldg 4 ,SV-B4DC-23
Skyview,Bldg 4 ,SV-B4DC-24
Skyview,Bldg 4 ,SV-B4DD-01
Skyview,Bldg 4 ,SV-B4DD-02
Skyview,Bldg 4 ,SV-B4DD-03
Skyview,Bldg 4 ,SV-B4DD-04
Skyview,Bldg 4 ,SV-B4DD-05
Skyview,Bldg 4 ,SV-B4DD-06
Skyview,Bldg 4 ,SV-B4DD-07
Skyview,Bldg 4 ,SV-B4DD-08
Skyview,Bldg 4 ,SV-B4DD-09
Skyview,Bldg 4 ,SV-B4DD-10
Skyview,Bldg 4 ,SV-B4DD-11
Skyview,Bldg 4 ,SV-B4DD-12
Skyview,Bldg 4 ,SV-B4DD-13
Skyview,Bldg 4 ,SV-B4DD-14
Skyview,Bldg 4 ,SV-B4DD-15
Skyview,Bldg 4 ,SV-B4DD-16
Skyview,Bldg 4 ,SV-B4DD-17
Skyview,Bldg 4 ,SV-B4DD-18
Skyview,Bldg 4 ,SV-B4DD-19
Skyview,Bldg 4 ,SV-B4DD-20
Skyview,Bldg 4 ,SV-B4DD-21
Skyview,Bldg 4 ,SV-B4DD-22
Skyview,Bldg 4 ,SV-B4DD-23
Skyview,Bldg 4 ,SV-B4DD-24
Skyview,Bldg 4 ,SV-B4-SEC01
Skyview,Bldg 4 ,SV-B4-SEC02
Skyview,Bldg 5 Pod A,SV-B5PA-101
Skyview,Bldg 5 Pod A,SV-B5PA-102
Skyview,Bldg 5 Pod A,SV-B5PA-103
Skyview,Bldg 5 Pod A,SV-B5PA-104
Skyview,Bldg 5 Pod A,SV-B5PA-105
Skyview,Bldg 5 Pod A,SV-B5PA-106
Skyview,Bldg 5 Pod A,SV-B5PA-107
Skyview,Bldg 5 Pod A,SV-B5PA-108
Skyview,Bldg 5 Pod A,SV-B5PA-109
Skyview,Bldg 5 Pod A,SV-B5PA-110
Skyview,Bldg 5 Pod A,SV-B5PA-111
Skyview,Bldg 5 Pod A,SV-B5PA-112
Skyview,Bldg 5 Pod A,SV-B5PA-201
Skyview,Bldg 5 Pod A,SV-B5PA-202
Skyview,Bldg 5 Pod A,SV-B5PA-203
Skyview,Bldg 5 Pod A,SV-B5PA-204
Skyview,Bldg 5 Pod A,SV-B5PA-205
Skyview,Bldg 5 Pod A,SV-B5PA-206
Skyview,Bldg 5 Pod A,SV-B5PA-207
Skyview,Bldg 5 Pod A,SV-B5PA-208
Skyview,Bldg 5 Pod A,SV-B5PA-209
Skyview,Bldg 5 Pod A,SV-B5PA-210
Skyview,Bldg 5 Pod A,SV-B5PA-211
Skyview,Bldg 5 Pod A,SV-B5PA-212
Skyview,Bldg 5 Pod A,SV-B5PA-301
Skyview,Bldg 5 Pod A,SV-B5PA-302
Skyview,Bldg 5 Pod A,SV-B5PA-303
Skyview,Bldg 5 Pod A,SV-B5PA-304
Skyview,Bldg 5 Pod A,SV-B5PA-305
Skyview,Bldg 5 Pod A,SV-B5PA-306
Skyview,Bldg 5 Pod A,SV-B5PA-307
Skyview,Bldg 5 Pod A,SV-B5PA-308
Skyview,Bldg 5 Pod A,SV-B5PA-309
Skyview,Bldg 5 Pod A,SV-B5PA-310
Skyview,Bldg 5 Pod A,SV-B5PA-311
Skyview,Bldg 5 Pod A,SV-B5PA-312
Skyview,Bldg 5 Pod A,SV-B5PA-313
Skyview,Bldg 5 Pod A,SV-B5PA-314
Skyview,Bldg 5 Pod A,SV-B5PA-401
Skyview,Bldg 5 Pod A,SV-B5PA-402
Skyview,Bldg 5 Pod A,SV-B5PA-403
Skyview,Bldg 5 Pod A,SV-B5PA-404
Skyview,Bldg 5 Pod A,SV-B5PA-405
Skyview,Bldg 5 Pod A,SV-B5PA-406
Skyview,Bldg 5 Pod A,SV-B5PA-407
Skyview,Bldg 5 Pod A,SV-B5PA-408
Skyview,Bldg 5 Pod A,SV-B5PA-409
Skyview,Bldg 5 Pod A,SV-B5PA-410
Skyview,Bldg 5 Pod A,SV-B5PA-411
Skyview,Bldg 5 Pod A,SV-B5PA-412
Skyview,Bldg 5 Pod A,SV-B5PA-SEC01
Skyview,Bldg 5 Pod A,SV-B5PA-SEC01
Skyview,Bldg 5 Pod A,SV-B5PA-SEC01
Skyview,Bldg 5 Pod B,SV-B5PB-101
Skyview,Bldg 5 Pod B,SV-B5PB-102
Skyview,Bldg 5 Pod B,SV-B5PB-103
Skyview,Bldg 5 Pod B,SV-B5PB-104
Skyview,Bldg 5 Pod B,SV-B5PB-105
Skyview,Bldg 5 Pod B,SV-B5PB-106
Skyview,Bldg 5 Pod B,SV-B5PB-107
Skyview,Bldg 5 Pod B,SV-B5PB-108
Skyview,Bldg 5 Pod B,SV-B5PB-109
Skyview,Bldg 5 Pod B,SV-B5PB-110
Skyview,Bldg 5 Pod B,SV-B5PB-111
Skyview,Bldg 5 Pod B,SV-B5PB-112
Skyview,Bldg 5 Pod B,SV-B5PB-201
Skyview,Bldg 5 Pod B,SV-B5PB-202
Skyview,Bldg 5 Pod B,SV-B5PB-203
Skyview,Bldg 5 Pod B,SV-B5PB-204
Skyview,Bldg 5 Pod B,SV-B5PB-205
Skyview,Bldg 5 Pod B,SV-B5PB-206
Skyview,Bldg 5 Pod B,SV-B5PB-207
Skyview,Bldg 5 Pod B,SV-B5PB-208
Skyview,Bldg 5 Pod B,SV-B5PB-209
Skyview,Bldg 5 Pod B,SV-B5PB-210
Skyview,Bldg 5 Pod B,SV-B5PB-211
Skyview,Bldg 5 Pod B,SV-B5PB-212
Skyview,Bldg 5 Pod B,SV-B5PB-301
Skyview,Bldg 5 Pod B,SV-B5PB-302
Skyview,Bldg 5 Pod B,SV-B5PB-303
Skyview,Bldg 5 Pod B,SV-B5PB-304
Skyview,Bldg 5 Pod B,SV-B5PB-305
Skyview,Bldg 5 Pod B,SV-B5PB-306
Skyview,Bldg 5 Pod B,SV-B5PB-307
Skyview,Bldg 5 Pod B,SV-B5PB-308
Skyview,Bldg 5 Pod B,SV-B5PB-309
Skyview,Bldg 5 Pod B,SV-B5PB-310
Skyview,Bldg 5 Pod B,SV-B5PB-311
Skyview,Bldg 5 Pod B,SV-B5PB-312
Skyview,Bldg 5 Pod B,SV-B5PB-313
Skyview,Bldg 5 Pod B,SV-B5PB-314
Skyview,Bldg 5 Pod B,SV-B5PB-401
Skyview,Bldg 5 Pod B,SV-B5PB-402
Skyview,Bldg 5 Pod B,SV-B5PB-403
Skyview,Bldg 5 Pod B,SV-B5PB-404
Skyview,Bldg 5 Pod B,SV-B5PB-405
Skyview,Bldg 5 Pod B,SV-B5PB-406
Skyview,Bldg 5 Pod B,SV-B5PB-407
Skyview,Bldg 5 Pod B,SV-B5PB-408
Skyview,Bldg 5 Pod B,SV-B5PB-409
Skyview,Bldg 5 Pod B,SV-B5PB-410
Skyview,Bldg 5 Pod B,SV-B5PB-411
Skyview,Bldg 5 Pod B,SV-B5PB-412
Skyview,Bldg 5 Pod B,SV-B5PB-SEC01
Skyview,Bldg 5 Pod B,SV-B5PB-SEC02
Skyview,Bldg 5 Pod B,SV-B5PB-SEC03
Skyview,Bldg 5 Pod C,SV-B5PC-101
Skyview,Bldg 5 Pod C,SV-B5PC-102
Skyview,Bldg 5 Pod C,SV-B5PC-103
Skyview,Bldg 5 Pod C,SV-B5PC-104
Skyview,Bldg 5 Pod C,SV-B5PC-105
Skyview,Bldg 5 Pod C,SV-B5PC-106
Skyview,Bldg 5 Pod C,SV-B5PC-107
Skyview,Bldg 5 Pod C,SV-B5PC-108
Skyview,Bldg 5 Pod C,SV-B5PC-109
Skyview,Bldg 5 Pod C,SV-B5PC-110
Skyview,Bldg 5 Pod C,SV-B5PC-111
Skyview,Bldg 5 Pod C,SV-B5PC-112
Skyview,Bldg 5 Pod C,SV-B5PC-201
Skyview,Bldg 5 Pod C,SV-B5PC-202B
Skyview,Bldg 5 Pod C,SV-B5PC-202T
Skyview,Bldg 5 Pod C,SV-B5PC-203B
Skyview,Bldg 5 Pod C,SV-B5PC-203T
Skyview,Bldg 5 Pod C,SV-B5PC-204B
Skyview,Bldg 5 Pod C,SV-B5PC-204T
Skyview,Bldg 5 Pod C,SV-B5PC-205B
Skyview,Bldg 5 Pod C,SV-B5PC-205T
Skyview,Bldg 5 Pod C,SV-B5PC-206B
Skyview,Bldg 5 Pod C,SV-B5PC-206T
Skyview,Bldg 5 Pod C,SV-B5PC-207B
Skyview,Bldg 5 Pod C,SV-B5PC-207T
Skyview,Bldg 5 Pod C,SV-B5PC-208B
Skyview,Bldg 5 Pod C,SV-B5PC-208T
Skyview,Bldg 5 Pod C,SV-B5PC-209B
Skyview,Bldg 5 Pod C,SV-B5PC-209T
Skyview,Bldg 5 Pod C,SV-B5PC-210B
Skyview,Bldg 5 Pod C,SV-B5PC-210T
Skyview,Bldg 5 Pod C,SV-B5PC-211B
Skyview,Bldg 5 Pod C,SV-B5PC-211T
Skyview,Bldg 5 Pod C,SV-B5PC-212B
Skyview,Bldg 5 Pod C,SV-B5PC-212T
Skyview,Bldg 5 Pod C,SV-B5PC-213B
Skyview,Bldg 5 Pod C,SV-B5PC-213T
Skyview,Bldg 5 Pod C,SV-B5PC-214B
Skyview,Bldg 5 Pod C,SV-B5PC-214T
Skyview,Bldg 5 Pod C,SV-B5PC-301
Skyview,Bldg 5 Pod C,SV-B5PC-302B
Skyview,Bldg 5 Pod C,SV-B5PC-302T
Skyview,Bldg 5 Pod C,SV-B5PC-303B
Skyview,Bldg 5 Pod C,SV-B5PC-303T
Skyview,Bldg 5 Pod C,SV-B5PC-304B
Skyview,Bldg 5 Pod C,SV-B5PC-304T
Skyview,Bldg 5 Pod C,SV-B5PC-305B
Skyview,Bldg 5 Pod C,SV-B5PC-305T
Skyview,Bldg 5 Pod C,SV-B5PC-306B
Skyview,Bldg 5 Pod C,SV-B5PC-306T
Skyview,Bldg 5 Pod C,SV-B5PC-307B
Skyview,Bldg 5 Pod C,SV-B5PC-307T
Skyview,Bldg 5 Pod C,SV-B5PC-308B
Skyview,Bldg 5 Pod C,SV-B5PC-308T
Skyview,Bldg 5 Pod C,SV-B5PC-309B
Skyview,Bldg 5 Pod C,SV-B5PC-309T
Skyview,Bldg 5 Pod C,SV-B5PC-310B
Skyview,Bldg 5 Pod C,SV-B5PC-310T
Skyview,Bldg 5 Pod C,SV-B5PC-311B
Skyview,Bldg 5 Pod C,SV-B5PC-311T
Skyview,Bldg 5 Pod C,SV-B5PC-312B
Skyview,Bldg 5 Pod C,SV-B5PC-312T
Skyview,Bldg 5 Pod C,SV-B5PC-401
Skyview,Bldg 5 Pod C,SV-B5PC-402
Skyview,Bldg 5 Pod C,SV-B5PC-403B
Skyview,Bldg 5 Pod C,SV-B5PC-403T
Skyview,Bldg 5 Pod C,SV-B5PC-404B
Skyview,Bldg 5 Pod C,SV-B5PC-404T
Skyview,Bldg 5 Pod C,SV-B5PC-405B
Skyview,Bldg 5 Pod C,SV-B5PC-405T
Skyview,Bldg 5 Pod C,SV-B5PC-406B
Skyview,Bldg 5 Pod C,SV-B5PC-406T
Skyview,Bldg 5 Pod C,SV-B5PC-407B
Skyview,Bldg 5 Pod C,SV-B5PC-407T
Skyview,Bldg 5 Pod C,SV-B5PC-408B
Skyview,Bldg 5 Pod C,SV-B5PC-408T
Skyview,Bldg 5 Pod C,SV-B5PC-409B
Skyview,Bldg 5 Pod C,SV-B5PC-409T
Skyview,Bldg 5 Pod C,SV-B5PC-410B
Skyview,Bldg 5 Pod C,SV-B5PC-410T
Skyview,Bldg 5 Pod C,SV-B5PC-411B
Skyview,Bldg 5 Pod C,SV-B5PC-411T
Skyview,Bldg 5 Pod C,SV-B5PC-412B
Skyview,Bldg 5 Pod C,SV-B5PC-412T
Skyview,Bldg 5 Pod C,SV-B5PC-RES01
Skyview,Bldg 5 Pod C,SV-B5PC-SEC01
Skyview,Bldg 5 Pod C,SV-B5PC-SEC02
Skyview,Bldg 5 Pod C,SV-B5PC-SEC03
Skyview,Bldg 5 Pod D ,SV-B5PD-101
Skyview,Bldg 5 Pod D,SV-B5PD-102
Skyview,Bldg 5 Pod D,SV-B5PD-103
Skyview,Bldg 5 Pod D,SV-B5PD-104
Skyview,Bldg 5 Pod D,SV-B5PD-105
Skyview,Bldg 5 Pod D,SV-B5PD-106
Skyview,Bldg 5 Pod D,SV-B5PD-107
Skyview,Bldg 5 Pod D,SV-B5PD-108
Skyview,Bldg 5 Pod D,SV-B5PD-109
Skyview,Bldg 5 Pod D,SV-B5PD-110
Skyview,Bldg 5 Pod D,SV-B5PD-111
Skyview,Bldg 5 Pod D,SV-B5PD-112
Skyview,Bldg 5 Pod D,SV-B5PD-201
Skyview,Bldg 5 Pod D,SV-B5PD-202
Skyview,Bldg 5 Pod D,SV-B5PD-203
Skyview,Bldg 5 Pod D,SV-B5PD-204
Skyview,Bldg 5 Pod D,SV-B5PD-205
Skyview,Bldg 5 Pod D,SV-B5PD-206
Skyview,Bldg 5 Pod D,SV-B5PD-207
Skyview,Bldg 5 Pod D,SV-B5PD-208
Skyview,Bldg 5 Pod D,SV-B5PD-209
Skyview,Bldg 5 Pod D,SV-B5PD-210
Skyview,Bldg 5 Pod D,SV-B5PD-211
Skyview,Bldg 5 Pod D,SV-B5PD-212
Skyview,Bldg 5 Pod D,SV-B5PD-213
Skyview,Bldg 5 Pod D,SV-B5PD-214
Skyview,Bldg 5 Pod D,SV-B5PD-301
Skyview,Bldg 5 Pod D,SV-B5PD-302
Skyview,Bldg 5 Pod D,SV-B5PD-303
Skyview,Bldg 5 Pod D,SV-B5PD-304
Skyview,Bldg 5 Pod D,SV-B5PD-305
Skyview,Bldg 5 Pod D,SV-B5PD-306
Skyview,Bldg 5 Pod D,SV-B5PD-307
Skyview,Bldg 5 Pod D,SV-B5PD-308
Skyview,Bldg 5 Pod D,SV-B5PD-309
Skyview,Bldg 5 Pod D,SV-B5PD-310
Skyview,Bldg 5 Pod D,SV-B5PD-311
Skyview,Bldg 5 Pod D,SV-B5PD-312
Skyview,Bldg 5 Pod D,SV-B5PD-401
Skyview,Bldg 5 Pod D,SV-B5PD-402
Skyview,Bldg 5 Pod D,SV-B5PD-403
Skyview,Bldg 5 Pod D,SV-B5PD-404
Skyview,Bldg 5 Pod D,SV-B5PD-405
Skyview,Bldg 5 Pod D,SV-B5PD-406
Skyview,Bldg 5 Pod D,SV-B5PD-407
Skyview,Bldg 5 Pod D,SV-B5PD-408
Skyview,Bldg 5 Pod D,SV-B5PD-409
Skyview,Bldg 5 Pod D,SV-B5PD-410
Skyview,Bldg 5 Pod D,SV-B5PD-411
Skyview,Bldg 5 Pod D,SV-B5PD-412
Skyview,Bldg 5 Pod D,SV-B5PD-RES01
Skyview,Bldg 5 Pod D,SV-B5PD-SEC01
Skyview,Bldg 5 Pod D,SV-B5PD-SEC02
Skyview,Bldg 5 Pod D,SV-B5PD-SEC03
,,
,,
,,
577,Jester IV,
577,Montford Psychiatric,
20,Mountain View,
584,Skyview,
1758,Total Beds Mapped,
